"Protein ID","FBgn","Flybase Symbol","No. peptide IDs","Mascot score","No. peptides quantified","area 114","area 115","area 116","area 117","PLS-DA classification","Peptide sequence","Precursor ion mass","Precursor ion charge","pd.2013","pd.markers"
"CG10060","FBgn0001104","G-ialpha65A",3,179.86,1,0.379,0.281,0.225,0.114,"PM",,,,"PM","unknown"
"CG10067","FBgn0000044","Act57B",5,222.4,9,0.42,0.209667,0.206111,0.163889,"PM",,,,"PM","unknown"
"CG10077","FBgn0035720","CG10077",5,219.65,3,0.187333,0.167333,0.169667,0.476,,,,,"unknown","unknown"
"CG10079","FBgn0003731","Egfr",2,86.39,2,0.2475,0.253,0.32,0.179,"PM",,,,"PM","unknown"
"CG10106","FBgn0029506","Tsp42Ee",1,52.1,1,0.216,0.183,0.342,0.259,,"GGVFDTIQK",626.887,2,"Phenotype 1","unknown"
"CG10130","FBgn0010638","Sec61beta",2,79.9,3,0.072,0.212333,0.573,0.142667,"ER/Golgi",,,,"ER/Golgi","ER"
"CG10149","FBgn0028689","Rpn6",1,44.84,1,0.35,0.164,0.174,0.312,,"VVDTLYQK",627.383,2,"Phenotype 2","Proteasome"
"CG10158","FBgn0031871","CG10158",2,80.05,2,0.147,0.3325,0.4105,0.109,,,,,"ER/Golgi","unknown"
"CG10161","FBgn0040227","eIF-3p66",2,81.94,2,0.264,0.1355,0.1325,0.4675,,,,,"Phenotype 3","unknown"
"CG10166","FBgn0032799","CG10166",2,78.31,2,0.1285,0.32,0.415,0.1365,"ER/Golgi",,,,"ER/Golgi","ER"
"CG1021","FBgn0037443","CG1021",2,86.18,2,0.106,0.309,0.4425,0.142,"ER/Golgi",,,,"ER/Golgi","unknown"
"CG10221","FBgn0028475","CG10221",3,136.46,5,0.1132,0.3008,0.4354,0.1506,"ER/Golgi",,,,"ER/Golgi","unknown"
"CG10223","FBgn0003732","Top2",12,573.73,8,0.061,0.070625,0.167625,0.700875,,,,,"Phenotype 4","Nucleus"
"CG10230","FBgn0028691","Rpn9",2,84.8,2,0.417,0.1535,0.158,0.272,,,,,"Phenotype 2","Proteasome"
"CG10236","FBgn0002526","LanA",12,569.67,13,0.159077,0.288385,0.385231,0.167538,,,,,"unknown","unknown"
"CG10240","FBgn0013773","Cyp6a22",3,123.83,4,0.0995,0.32325,0.45225,0.1245,"ER/Golgi",,,,"ER/Golgi","unknown"
"CG10248","FBgn0013772","Cyp6a8",4,218.39,6,0.104667,0.35,0.407333,0.138167,"ER/Golgi",,,,"ER/Golgi","unknown"
"CG10255","FBgn0033984","Lap1",1,54.43,1,0.341,0.272,0.237,0.15,"PM","NLIVNVPEEIK",778.503,2,"PM","unknown"
"CG10279","FBgn0003261","Rm62",5,209.13,3,0.131333,0.126,0.164333,0.579,,,,,"unknown","unknown"
"CG10293","FBgn0017397","how",1,52.46,1,0.116,0.102,0.081,0.7,,"LAQAVAEVQK",672.909,2,"Phenotype 4","Nucleus"
"CG10302","FBgn0032679","bsf",4,168.01,3,0.307333,0.0933333,0.0906667,0.508667,"mitochondrion",,,,"mitochondrion","unknown"
"CG10370","FBgn0028684","Tbp-1",2,86.62,2,0.462,0.1605,0.1315,0.246,,,,,"unknown","unknown"
"CG10372","FBgn0025608","Faf",5,244.82,5,0.1372,0.348,0.3852,0.1296,"ER/Golgi",,,,"ER/Golgi","unknown"
"CG10373","FBgn0032704","CG10373",1,57.61,2,0.1315,0.3135,0.4,0.155,"ER/Golgi","TLDDFILGSAR",676.368,2,"ER/Golgi","unknown"
"CG10413","FBgn0032689","CG10413",3,153.14,3,0.29,0.334333,0.198333,0.177,,,,,"PM","unknown"
"CG10420","FBgn0039296","CG10420",3,136.81,4,0.08925,0.314,0.476,0.12075,"ER/Golgi",,,,"ER/Golgi","unknown"
"CG10425","FBgn0039304","CG10425",2,125.27,2,0.122,0.35,0.4085,0.1185,"ER/Golgi",,,,"ER/Golgi","unknown"
"CG10470","FBgn0032746","CG10470",1,42.86,1,0.091,0.317,0.466,0.126,"ER/Golgi","LLGFAPSR",502.823,2,"ER/Golgi","unknown"
"CG10506","FBgn0027090","Aats-gln",2,86.1,2,0.258,0.15,0.2105,0.381,,,,,"unknown","unknown"
"CG10527","FBgn0034583","CG10527",1,59.74,1,0.361,0.244,0.219,0.176,"PM","WYDNVITVGR",683.909,2,"PM","unknown"
"CG10545","FBgn0001105","Gbeta13F",2,139.79,2,0.393,0.3635,0.1615,0.0815,"PM",,,,"PM","unknown"
"CG10565","FBgn0037051","CG10565",1,55.57,1,0.257,0.118,0.143,0.483,,"AVNLFPAGTAQR",694.933,2,"Phenotype 3","unknown"
"CG10576","FBgn0035630","CG10576",5,261.27,7,0.21725,0.091,0.19075,0.500917,,,,,"Phenotype 3","unknown"
"CG1059","FBgn0011341","Karybeta3",2,85.55,1,0.373,0.216,0.222,0.188,,,,,"PM","unknown"
"CG10593","FBgn0016122","Acer",2,84.42,3,0.112333,0.282333,0.463,0.142333,"ER/Golgi",,,,"ER/Golgi","unknown"
"CG10602","FBgn0032721","CG10602",2,80.8,2,0.278,0.1985,0.248,0.2765,,,,,"Phenotype 5","unknown"
"CG10616","FBgn0036286","CG10616",4,186.69,5,0.1034,0.337,0.4286,0.131,"ER/Golgi",,,,"ER/Golgi","unknown"
"CG10620","FBgn0036299","Tsf2",6,252.85,6,0.273,0.2345,0.324667,0.167667,"PM",,,,"PM","unknown"
"CG10624","FBgn0010894","sinu",1,43.51,1,0.251,0.115,0.392,0.242,,"SLPDVNDDSQR",695.38,2,"Phenotype 1","unknown"
"CG1065","FBgn0004888","Scsalpha",2,108.11,2,0.36,0.0975,0.07,0.4725,"mitochondrion",,,,"mitochondrion","unknown"
"CG10652","FBgn0015745","RpL30",2,86.17,6,0.111333,0.179667,0.3055,0.4035,,,,,"Phenotype 1","Ribosome 60S"
"CG10672","FBgn0035588","CG10672",2,81.53,1,0.227,0.077,0.18,0.517,,,,,"Phenotype 3","unknown"
"CG10686","FBgn0041775","tral",4,168.3,3,0.182667,0.092,0.0953333,0.63,,,,,"Phenotype 4","unknown"
"CG10691","FBgn0002031","l(2)37Cc",6,307.02,9,0.369222,0.0785556,0.0838889,0.468222,"mitochondrion",,,,"mitochondrion","unknown"
"CG10701","FBgn0011661","Moe",3,120.78,3,0.357667,0.145333,0.236667,0.260667,,,,,"unknown","unknown"
"CG10737","FBgn0034420","CG10737",1,43.38,1,0.154,0.294,0.381,0.172,"ER/Golgi","IAMNSVGAIK",646.39,2,"ER/Golgi","unknown"
"CG10777","FBgn0029979","CG10777",3,130.88,1,0.21,0.136,0.124,0.531,,,,,"Phenotype 3","unknown"
"CG10811","FBgn0023213","eIF-4G",5,220.22,4,0.3045,0.144,0.12775,0.424,"mitochondrion",,,,"mitochondrion","unknown"
"CG1084","FBgn0037240","Cont",4,168.67,5,0.2128,0.2776,0.3386,0.1708,"PM",,,,"PM","unknown"
"CG10849","FBgn0035471","Sc2",2,97.51,2,0.075,0.1585,0.6335,0.133,"ER/Golgi",,,,"ER/Golgi","unknown"
"CG1088","FBgn0015324","Vha26",4,181.97,4,0.3585,0.29225,0.19175,0.1575,"PM",,,,"PM","unknown"
"CG10882","FBgn0031408","CG10882",2,83.13,1,0.163,0.284,0.274,0.28,,,,,"unknown","unknown"
"CG1091","FBgn0037470","CG1091",1,49.58,1,0.292,0.149,0.124,0.435,"mitochondrion","LINFIEQAR",624.393,2,"mitochondrion","unknown"
"CG10932","FBgn0029969","CG10932",2,90.29,2,0.325,0.0945,0.124,0.457,"mitochondrion",,,,"mitochondrion","unknown"
"CG10938","FBgn0016697","ProsMA5",1,51.88,2,0.405,0.171,0.1665,0.257,,"ITSPLMVPSTVEK",845.532,2,"unknown","unknown"
"CG10939","FBgn0010620","Sip1",1,42.76,1,0.269,0.201,0.255,0.274,,"LLLIDVDGK",637.406,2,"Phenotype 5","unknown"
"CG10944","FBgn0004922","RpS6",3,118.99,4,0.228375,0.1655,0.144875,0.460875,,,,,"Phenotype 3","Ribosome 40S"
"CG10960","FBgn0036316","CG10960",2,98.11,2,0.3435,0.2795,0.227,0.15,"PM",,,,"PM","unknown"
"CG10975","FBgn0014007","Ptp69D",2,76.5,2,0.317,0.2995,0.252,0.131,"PM",,,,"PM","unknown"
"CG10978","FBgn0037374","jagn",1,50.35,1,0.084,0.341,0.444,0.131,"ER/Golgi","VAGTYQISLLNK",797.978,2,"ER/Golgi","unknown"
"CG1100","FBgn0028690","Rpn5",1,45.54,1,0.362,0.16,0.139,0.338,,"MSELLNLPTSR",702.884,2,"Phenotype 2","Proteasome"
"CG11001","FBgn0013954","FK506-bp2",2,84.18,2,0.515,0.2415,0.119,0.1245,"PM",,,,"PM","unknown"
"CG1101","FBgn0010774","Aly",2,100.65,3,0.0596667,0.0833333,0.115667,0.742,,,,,"Phenotype 4","Nucleus"
"CG11015","FBgn0031830","CG11015",1,51.51,1,0.333,0.071,0.089,0.506,"mitochondrion","AAGNDNPFDMK",734.399,2,"mitochondrion","unknown"
"CG1104","FBgn0037467","CG1104",7,290.87,6,0.1123,0.2968,0.4038,0.187,"ER/Golgi",,,,"ER/Golgi","unknown"
"CG11051","FBgn0040813","Nplp2",2,77.04,3,0.222,0.284333,0.331,0.162333,"PM",,,,"PM","unknown"
"CG11059","FBgn0039928","cals",3,111.87,3,0.195,0.272333,0.385667,0.147,"PM",,,,"PM","unknown"
"CG11064","FBgn0016724","RfaBp",26,1195,34,0.209971,0.223412,0.216029,0.350618,,,,,"Phenotype 5","unknown"
"CG11081","FBgn0025741","plexA",10,451.22,14,0.283038,0.284538,0.293538,0.138692,"PM",,,,"PM","unknown"
"CG11098","FBgn0031842","Tango1",6,256.26,6,0.115625,0.416125,0.315875,0.152625,"ER/Golgi",,,,"ER/Golgi","unknown"
"CG11129","FBgn0004047","Yp3",7,329.92,12,0.09775,0.179583,0.207917,0.51475,,,,,"Phenotype 6","unknown"
"CG11137","FBgn0037199","CG11137",2,92.12,3,0.122667,0.145333,0.534333,0.197667,"ER/Golgi",,,,"ER/Golgi","unknown"
"CG11140","FBgn0010548","Aldh-III",5,242.12,8,0.139014,0.289754,0.411942,0.159159,"ER/Golgi",,,,"ER/Golgi","unknown"
"CG11154","FBgn0010217","ATPsyn-beta",8,448.2,16,0.34815,0.0701,0.0683,0.5134,"mitochondrion",,,,"mitochondrion","mitochondrion"
"CG11200","FBgn0034500","CG11200",4,169.94,3,0.114,0.256667,0.416,0.213333,,,,,"ER/Golgi","unknown"
"CG11208","FBgn0034488","CG11208",2,79.6,2,0.108,0.0795,0.2695,0.5425,,,,,"Phenotype 6","unknown"
"CG11267","FBgn0036334","CG11267",2,105.86,3,0.336333,0.110667,0.14,0.412667,,,,,"unknown","unknown"
"CG11271","FBgn0014027","RpS12",1,51.92,2,0.2205,0.0515,0.219,0.509,,"DFGEETPALDVVK",854.502,2,"Phenotype 3","Ribosome 40S"
"CG11276","FBgn0011284","RpS4",5,198.59,5,0.2804,0.1532,0.1252,0.441,,,,,"Phenotype 7","unknown"
"CG11280","FBgn0010452","trn",2,68.21,2,0.308,0.321,0.238,0.133,"PM",,,,"PM","unknown"
"CG11377","FBgn0031217","CG11377",3,116.1,4,0.11,0.40675,0.364,0.11925,"ER/Golgi",,,,"ER/Golgi","unknown"
"CG11436","FBgn0029713","CG11436",3,131.02,2,0.1105,0.2335,0.547,0.1085,,,,,"ER/Golgi","unknown"
"CG11471","FBgn0027086","Aats-ile",6,270.05,8,0.2085,0.114875,0.12675,0.549875,,,,,"Phenotype 3","unknown"
"CG1151","FBgn0027527","Osi6",3,141.96,3,0.144333,0.471667,0.245,0.139,"ER/Golgi",,,,"ER/Golgi","unknown"
"CG11522","FBgn0039857","RpL6",5,230.51,11,0.127273,0.192727,0.280909,0.399,,,,,"Phenotype 1","Ribosome 60S"
"CG1153","FBgn0037414","Osi7",3,142.77,2,0.194,0.4665,0.1925,0.147,"PM",,,,"PM","unknown"
"CG11561","FBgn0003444","smo",2,75.33,2,0.332,0.302,0.215,0.151,"PM",,,,"PM","unknown"
"CG11567","FBgn0015623","Cpr",6,257.23,7,0.111286,0.340714,0.409429,0.138429,"ER/Golgi",,,,"ER/Golgi","ER"
"CG11577","FBgn0036847","CG11577",2,91.29,3,0.0746667,0.225333,0.541,0.159333,"ER/Golgi",,,,"ER/Golgi","unknown"
"CG11579","FBgn0000117","arm",5,229.36,8,0.283375,0.27125,0.277875,0.167125,"PM",,,,"PM","unknown"
"CG1161","FBgn0037313","CG1161",2,100.04,3,0.288333,0.428333,0.193,0.0906667,"PM",,,,"PM","unknown"
"CG11642","FBgn0040340","TRAM",1,50.58,1,0.122,0.246,0.486,0.146,"ER/Golgi","ESDLPEADQTSPSPIK",668.049,3,"ER/Golgi","unknown"
"CG11665","FBgn0033028","CG11665",1,48.14,1,0.365,0.217,0.244,0.174,"PM","TVSLINK",531.849,2,"PM","unknown"
"CG11771","FBgn0039252","CG11771",2,74.59,2,0.2385,0.1625,0.183,0.4155,,,,,"unknown","unknown"
"CG11781","FBgn0039259","CG11781",1,70.7,1,0.088,0.301,0.489,0.122,"ER/Golgi","TGEIIAYSEGAIR",762.418,2,"ER/Golgi","unknown"
"CG11785","FBgn0045866","bai",3,192.48,10,0.0933,0.3316,0.4273,0.1478,"ER/Golgi",,,,"ER/Golgi","unknown"
"CG11790","FBgn0039265","CG11790",2,98.16,2,0.0846667,0.42,0.397333,0.098,"ER/Golgi",,,,"ER/Golgi","unknown"
"CG11793","FBgn0003462","Sod",2,96.96,2,0.278,0.243,0.264,0.2145,,,,,"PM","unknown"
"CG11840","FBgn0031260","Spp",2,95.14,2,0.0765,0.1365,0.6095,0.1775,"ER/Golgi",,,,"ER/Golgi","unknown"
"CG11851","FBgn0039293","CG11851",1,44.65,1,0.111,0.172,0.541,0.176,"ER/Golgi","SLPFLIPEK",666.448,2,"ER/Golgi","unknown"
"CG11856","FBgn0039302","Nup358",2,84.31,2,0.163,0.1395,0.151,0.547,,,,,"Phenotype 3","unknown"
"CG11857","FBgn0039303","CG11857",2,142.71,4,0.139,0.40625,0.34,0.11475,,,,,"ER/Golgi","unknown"
"CG11876","FBgn0039635","CG11876",2,83.08,2,0.2735,0.1515,0.159,0.416,,,,,"Phenotype 7","unknown"
"CG11888","FBgn0028692","Rpn2",3,138.47,4,0.39025,0.1625,0.1795,0.26775,,,,,"Phenotype 2","Proteasome"
"CG11897","FBgn0039644","CG11897",1,46.12,2,0.227,0.233,0.197,0.3425,,"LALSGLIYR",575.391,2,"Phenotype 5","unknown"
"CG11901","FBgn0029176","Ef1gamma",5,210.78,7,0.404,0.206143,0.186857,0.203143,,,,,"unknown","unknown"
"CG11949","FBgn0010434","cora",11,559.67,10,0.2585,0.206417,0.307083,0.228417,,,,,"unknown","unknown"
"CG11958","FBgn0015622","Cnx99A",4,208.49,6,0.097,0.267833,0.489833,0.145667,"ER/Golgi",,,,"ER/Golgi","ER"
"CG11963","FBgn0037643","CG11963",3,118.97,2,0.2645,0.1295,0.1675,0.4385,,,,,"unknown","unknown"
"CG11980","FBgn0037652","CG11980",1,44.2,1,0.393,0.219,0.151,0.237,,"VIQSILQR",550.867,2,"unknown","unknown"
"CG11989","FBgn0036064","Ard1",1,42.61,1,0.122,0.213,0.156,0.509,,"IIEVEPK",558.35,2,"Phenotype 8","unknown"
"CG11999","FBgn0037312","CG11999",4,161.85,6,0.0933333,0.291167,0.495,0.1205,"ER/Golgi",,,,"ER/Golgi","unknown"
"CG12008","FBgn0004167","kst",7,306.08,8,0.330625,0.156875,0.282875,0.2295,,,,,"Phenotype 5","unknown"
"CG12011","FBgn0035257","CG12011",2,115.96,4,0.15475,0.2055,0.42725,0.21225,"ER/Golgi",,,,"ER/Golgi","unknown"
"CG12013","FBgn0035438","PHGPx",3,142.73,5,0.1338,0.227,0.4778,0.1614,"ER/Golgi",,,,"ER/Golgi","unknown"
"CG12019","FBgn0011573","Cdc37",1,44.29,1,0.488,0.238,0.133,0.141,"PM","DVELLQK",566.85,2,"PM","unknown"
"CG12055","FBgn0001091","Gapdh1",5,229.96,2,0.49,0.1755,0.147,0.188,,,,,"unknown","unknown"
"CG12056","FBgn0030099","CG12056",1,43.88,1,0.095,0.316,0.473,0.116,"ER/Golgi","FLELLEQAR",631.866,2,"ER/Golgi","unknown"
"CG12063","FBgn0039851","CG12063",1,42.52,1,0.084,0.204,0.416,0.296,,"ALVTPCIPR",580.355,2,"unknown","unknown"
"CG12070","FBgn0000416","Sap-r",2,82.74,6,0.1725,0.115833,0.327333,0.384167,,,,,"Phenotype 1","Lysosome"
"CG12101","FBgn0015245","Hsp60",12,559.09,17,0.323353,0.0739412,0.0769412,0.525647,"mitochondrion",,,,"mitochondrion","unknown"
"CG12108","FBgn0030057","Ppt1",2,101.22,2,0.17,0.2165,0.296,0.317,,,,,"Phenotype 1","Lysosome"
"CG12139","FBgn0030130","CG12139",15,624.18,17,0.357706,0.290647,0.229882,0.121588,"PM",,,,"PM","unknown"
"CG12140","FBgn0033465","CG12140",3,137.58,3,0.288,0.178667,0.0916667,0.441,,,,,"Phenotype 7","unknown"
"CG12156","FBgn0029959","Rab39",2,94.93,1,0.159,0.301,0.317,0.224,,,,,"unknown","unknown"
"CG12157","FBgn0016041","Tom40",4,168.61,4,0.367,0.108,0.0935,0.43175,"mitochondrion",,,,"mitochondrion","mitochondrion"
"CG12172","FBgn0024294","Spn43Aa",2,81.11,2,0.19,0.335,0.33,0.145,"PM",,,,"PM","unknown"
"CG12202","FBgn0031020","Nat1",5,214.51,6,0.161833,0.191333,0.18,0.4665,,,,,"Phenotype 8","unknown"
"CG12210","FBgn0003660","Syb",2,125.88,4,0.312,0.39,0.1945,0.10325,"PM",,,,"PM","unknown"
"CG12233","FBgn0027291","l(1)G0156",5,209.89,5,0.33,0.074,0.077,0.519,"mitochondrion",,,,"mitochondrion","unknown"
"CG12262","FBgn0035811","CG12262",6,269.41,11,0.281455,0.123364,0.0986364,0.496545,"mitochondrion",,,,"mitochondrion","unknown"
"CG12264","FBgn0032393","CG12264",1,45.46,1,0.257,0.127,0.141,0.475,,"GVGALYVR",489.818,2,"Phenotype 3","unknown"
"CG12317","FBgn0028425","JhI-21",1,57.82,2,0.3575,0.3535,0.1845,0.1045,"PM","LSNSVVEICR",655.373,2,"PM","unknown"
"CG12369","FBgn0010238","Lac",3,154.98,4,0.335714,0.212857,0.304429,0.147143,"PM",,,,"PM","unknown"
"CG1242","FBgn0001233","Hsp83",6,313.34,11,0.395455,0.174455,0.284636,0.145273,"PM",,,,"PM","unknown"
"CG1249","FBgn0037434","CG1249",2,83.47,1,0.16,0.145,0.117,0.579,,,,,"Phenotype 3","unknown"
"CG1250","FBgn0037357","sec23",1,44.21,1,0.164,0.254,0.188,0.394,,"AETDEGPDILR",680.386,2,"unknown","unknown"
"CG12530","FBgn0010341","Cdc42",2,121.1,1,0.366,0.364,0.171,0.1,"PM",,,,"PM","unknown"
"CG12532","FBgn0010380","Bap",3,131.78,3,0.4,0.206333,0.209333,0.184667,,,,,"PM","unknown"
"CG1263","FBgn0024939","RpL8",2,96.83,6,0.146667,0.224833,0.2875,0.341167,,,,,"Phenotype 1","Ribosome 60S"
"CG12676","FBgn0000547","ed",7,307.14,8,0.2825,0.266375,0.27675,0.174625,"PM",,,,"PM","unknown"
"CG1274","FBgn0040308","Jafrac2",2,86.37,3,0.106667,0.262333,0.485,0.146333,"ER/Golgi",,,,"ER/Golgi","unknown"
"CG12740","FBgn0035422","RpL28",5,224.7,5,0.113947,0.167579,0.299684,0.419158,,,,,"Phenotype 1","Ribosome 60S"
"CG12749","FBgn0004237","Hrb87F",1,81.07,1,0.058,0.07,0.118,0.754,,"QEIDSPNAGATVK",809.432,2,"Phenotype 4","Nucleus"
"CG12773","FBgn0024365","CG12773",2,86.24,2,0.2175,0.487,0.203,0.093,"PM",,,,"PM","unknown"
"CG12775","FBgn0032987","RpL21",1,52.53,3,0.142,0.189,0.292,0.377,,"GQWVSLK",553.365,2,"Phenotype 1","Ribosome 60S"
"CG12891","FBgn0027842","CPTI",3,118.25,2,0.0895,0.227,0.527,0.1565,"ER/Golgi",,,,"ER/Golgi","unknown"
"CG12908","FBgn0026403","Ndg",4,193.2,4,0.16625,0.4095,0.301,0.12325,"PM",,,,"PM","unknown"
"CG1291","FBgn0035401","CG1291",1,56.78,1,0.115,0.231,0.523,0.131,"ER/Golgi","FSFQAFADR",616.844,2,"ER/Golgi","unknown"
"CG12918","FBgn0033477","CG12918",4,184.76,6,0.0815,0.289167,0.495167,0.134333,"ER/Golgi",,,,"ER/Golgi","unknown"
"CG12921","FBgn0033480","mRpL42",1,57.88,1,0.383,0.056,0.06,0.501,"mitochondrion","SLVEAVAVTK",652.906,2,"mitochondrion","mitochondrion"
"CG12945","FBgn0037755","CG12945",3,130.23,4,0.127,0.35975,0.39725,0.11625,"ER/Golgi",,,,"ER/Golgi","unknown"
"CG1307","FBgn0026566","CG1307",3,128.61,3,0.125333,0.142,0.558667,0.174,"ER/Golgi",,,,"ER/Golgi","unknown"
"CG1309","FBgn0035519","CG1309",4,174.93,4,0.12,0.2615,0.46525,0.153,"ER/Golgi",,,,"ER/Golgi","unknown"
"CG13096","FBgn0032050","CG13096",3,135.75,1,0.106,0.059,0.215,0.621,,,,,"Phenotype 4","unknown"
"CG1311","FBgn0035523","CG1311",3,120.5,3,0.312,0.304,0.240333,0.143667,"PM",,,,"PM","unknown"
"CG13126","FBgn0032168","CG13126",1,51.76,1,0.339,0.066,0.089,0.505,"mitochondrion","LATLDEDEAER",703.393,2,"mitochondrion","unknown"
"CG13345","FBgn0033881","RacGAP50C",1,45.35,2,0.384,0.174,0.2285,0.2135,,"IMAVADLLR",573.376,2,"unknown","unknown"
"CG13364","FBgn0026879","CG13364",1,49.28,1,0.157,0.069,0.2,0.574,,"DLDEDDMAFK",743.858,2,"Phenotype 4","unknown"
"CG13388","FBgn0027932","Akap200",8,366.5,10,0.482333,0.178,0.195083,0.144417,"PM",,,,"PM","unknown"
"CG13389","FBgn0010265","RpS13",2,81.46,3,0.223667,0.157333,0.137667,0.481333,,,,,"Phenotype 3","Ribosome 40S"
"CG13393","FBgn0032035","CG13393",3,144.86,6,0.0921667,0.221,0.523,0.163667,"ER/Golgi",,,,"ER/Golgi","unknown"
"CG1341","FBgn0028687","Rpt1",5,216.56,5,0.417,0.1618,0.158,0.2632,,,,,"Phenotype 2","Proteasome"
"CG13425","FBgn0015907","bl",3,154.02,3,0.0764444,0.0965556,0.115,0.711667,,,,,"Phenotype 4","Nucleus"
"CG13551","FBgn0040660","CG13551",1,76.53,1,0.369,0.066,0.074,0.49,"mitochondrion","EEEYFYK",648.367,2,"mitochondrion","unknown"
"CG13630","FBgn0039219","CG13630",1,56.44,1,0.22,0.081,0.169,0.529,,"VLDDEEIEGMR",725.396,2,"Phenotype 3","unknown"
"CG1371","FBgn0033482","CG1371",11,584.3,13,0.0887692,0.256692,0.501308,0.153231,"ER/Golgi",,,,"ER/Golgi","unknown"
"CG1372","FBgn0004649","yl",5,233.23,6,0.2339,0.3217,0.2358,0.2084,,,,,"PM","unknown"
"CG13822","FBgn0039098","CG13822",1,56.76,1,0.169,0.209,0.279,0.343,,"LYPFGK",506.829,2,"Phenotype 1","Lysosome"
"CG13849","FBgn0038964","Nop56",1,54.58,1,0.104,0.094,0.07,0.732,,"AQAIIDAAK",594.874,2,"unknown","unknown"
"CG13887","FBgn0035165","CG13887",2,109.57,2,0.1,0.253,0.5065,0.14,"ER/Golgi",,,,"ER/Golgi","unknown"
"CG13907","FBgn0035173","CG13907",4,159.41,4,0.31125,0.241,0.24825,0.2,,,,,"PM","unknown"
"CG14028","FBgn0015031","cype",2,117.7,3,0.326333,0.075,0.0956667,0.502667,"mitochondrion",,,,"mitochondrion","unknown"
"CG1403","FBgn0011710","Sep1",2,85.87,2,0.382333,0.169,0.153,0.295667,,,,,"Phenotype 2","unknown"
"CG1404","FBgn0020255","ran",3,142.63,4,0.17675,0.1525,0.14625,0.52425,,,,,"Phenotype 3","unknown"
"CG14084","FBgn0036855","CG14084",1,49.17,1,0.096,0.444,0.328,0.131,"ER/Golgi","SLTIDIGNEVR",680.876,2,"ER/Golgi","unknown"
"CG14100","FBgn0036889","CG14100",1,45.9,1,0.3,0.135,0.148,0.418,,"FLNLVGGK",568.362,2,"Phenotype 7","unknown"
"CG14181","FBgn0035965","Use1",3,150.16,2,0.0885,0.3335,0.4465,0.1315,"ER/Golgi",,,,"ER/Golgi","unknown"
"CG14206","FBgn0031035","RpS10b",1,45.71,1,0.187,0.155,0.163,0.495,,"EQFAWR",490.761,2,"unknown","unknown"
"CG14291","FBgn0038660","CG14291",1,51.66,1,0.14,0.197,0.444,0.219,,"ILSGIIGK",544.873,2,"unknown","unknown"
"CG14309","FBgn0038611","CG14309",1,54.16,1,0.306,0.159,0.203,0.332,,"LSESLVSTMK",691.896,2,"unknown","unknown"
"CG1440","FBgn0030038","CG1440",4,150.9,4,0.273,0.1815,0.2315,0.3145,,,,,"unknown","unknown"
"CG14476","FBgn0027588","CG14476",9,454.47,20,0.09005,0.26605,0.5025,0.14155,"ER/Golgi",,,,"ER/Golgi","unknown"
"CG14482","FBgn0034245","CG14482",1,43.11,1,0.332,0.104,0.093,0.471,"mitochondrion","LVLQYVPIYGSK",834.545,2,"mitochondrion","unknown"
"CG1458","FBgn0062442","CG1458",2,94.55,3,0.300667,0.105333,0.180333,0.413667,,,,,"Phenotype 7","unknown"
"CG14622","FBgn0025641","DAAM",2,88.96,2,0.3745,0.3045,0.2045,0.1165,"PM",,,,"PM","unknown"
"CG14648","FBgn0037245","CG14648",7,329.51,9,0.198917,0.105333,0.13,0.5655,,,,,"Phenotype 3","unknown"
"CG14650","FBgn0037252","CG14650",2,101.03,2,0.099,0.309,0.4515,0.1405,"ER/Golgi",,,,"ER/Golgi","unknown"
"CG1467","FBgn0031106","Syx16",1,46.18,1,0.108,0.653,0.171,0.068,"ER/Golgi","NLTEVFVIMR",683.398,2,"ER/Golgi","Golgi"
"CG14671","FBgn0037340","CG14671",2,97.99,4,0.093,0.34525,0.38875,0.173,"ER/Golgi",,,,"ER/Golgi","unknown"
"CG1469","FBgn0015221","Fer2LCH",3,147.99,6,0.101667,0.320833,0.396833,0.180667,"ER/Golgi",,,,"ER/Golgi","unknown"
"CG14715","FBgn0037930","CG14715",4,207.5,5,0.1006,0.2754,0.4078,0.216,,,,,"ER/Golgi","unknown"
"CG14724","FBgn0019624","CoVa",4,160.18,3,0.295667,0.121667,0.130667,0.452333,"mitochondrion",,,,"mitochondrion","unknown"
"CG14764","FBgn0033236","CG14764",1,42.87,1,0.101,0.526,0.192,0.181,,"AELELSELR",602.37,2,"unknown","unknown"
"CG14792","FBgn0003517","sta",4,171.36,5,0.4454,0.2182,0.1904,0.1458,"PM",,,,"PM","unknown"
"CG14812","FBgn0026090","CG14812",2,118.93,1,0.246,0.206,0.261,0.287,,,,,"Phenotype 5","unknown"
"CG14813","FBgn0028969","deltaCOP",2,89.88,1,0.157,0.119,0.236,0.489,,,,,"Phenotype 8","unknown"
"CG1483","FBgn0002645","Map205",2,81.02,2,0.247,0.1755,0.2075,0.3695,,,,,"unknown","unknown"
"CG14883","FBgn0038432","CG14883",3,118.5,2,0.129,0.331,0.399,0.1405,"ER/Golgi",,,,"ER/Golgi","unknown"
"CG14939","FBgn0032378","CG14939",1,45.48,1,0.26,0.244,0.36,0.136,"PM","TLAEANELNFPTEPLSK",721.425,3,"PM","unknown"
"CG14969","FBgn0035440","CG14969",1,53.07,2,0.183,0.193,0.2765,0.347,,"FIYCATTK",640.839,2,"Phenotype 1","Lysosome"
"CG14977","FBgn0035469","CG14977",1,42.95,1,0.132,0.092,0.403,0.373,,"EDGAVLESGGDLK",789.421,2,"Phenotype 1","unknown"
"CG14996","FBgn0035499","Chd64",2,95.67,1,0.296,0.197,0.258,0.25,,,,,"Phenotype 5","unknown"
"CG14999","FBgn0015287","RfC40",1,51.22,1,0.111,0.17,0.184,0.534,,"TTTIQCLAR",598.852,2,"Phenotype 8","unknown"
"CG15081","FBgn0010551","l(2)03709",5,255.83,6,0.387,0.0591667,0.0671667,0.486333,"mitochondrion",,,,"mitochondrion","unknown"
"CG15092","FBgn0034388","CG15092",2,81.81,4,0.20225,0.40175,0.26575,0.13,"PM",,,,"PM","unknown"
"CG15100","FBgn0034401","CG15100",2,108.47,1,0.227,0.127,0.095,0.551,,,,,"Phenotype 3","unknown"
"CG15102","FBgn0034405","Jheh2",1,51.05,2,0.1235,0.18,0.5245,0.1715,"ER/Golgi","FSTWTNTAFR",687.891,2,"ER/Golgi","unknown"
"CG15106","FBgn0034406","Jheh3",2,93,2,0.096,0.116,0.633,0.1545,"ER/Golgi",,,,"ER/Golgi","unknown"
"CG1515","FBgn0026664","l(1)G0155",2,71.19,2,0.274,0.2955,0.2815,0.1485,"PM",,,,"PM","unknown"
"CG1516","FBgn0027580","CG1516",6,280.11,7,0.270429,0.089,0.0864286,0.554143,,,,,"mitochondrion","unknown"
"CG1518","FBgn0031149","CG1518",2,96.95,3,0.0976667,0.234667,0.534,0.133333,"ER/Golgi",,,,"ER/Golgi","unknown"
"CG1519","FBgn0023175","Prosalpha7",3,119.2,5,0.3522,0.1694,0.1496,0.3292,,,,,"Phenotype 2","Proteasome"
"CG15442","FBgn0010410","RpL27A",2,84.57,4,0.153,0.14725,0.31125,0.388,,,,,"Phenotype 1","Ribosome 60S"
"CG1548","FBgn0029093","cathD",3,111,3,0.157667,0.113667,0.289333,0.44,,,,,"Phenotype 6","unknown"
"CG1560","FBgn0004657","mys",3,126.62,4,0.19775,0.25075,0.41525,0.136,"PM",,,,"PM","unknown"
"CG15697","FBgn0038834","RpS30",1,50,2,0.1915,0.179,0.166,0.464,,"FVNFVQGFGR",658.1,2,"unknown","unknown"
"CG15743","FBgn0030465","CG15743",2,110.65,3,0.0893333,0.545,0.266667,0.099,"ER/Golgi",,,,"ER/Golgi","unknown"
"CG15792","FBgn0005634","zip",14,648.19,12,0.342917,0.11725,0.209583,0.3305,,,,,"Phenotype 7","unknown"
"CG15811","FBgn0004574","Rop",2,79.99,3,0.319333,0.311,0.208333,0.161333,"PM",,,,"PM","unknown"
"CG15845","FBgn0000054","Adf1",2,70.16,2,0.088,0.102,0.179,0.6305,,,,,"unknown","unknown"
"CG1597","FBgn0030289","CG1597",4,156.34,3,0.102667,0.228333,0.498,0.170667,"ER/Golgi",,,,"ER/Golgi","unknown"
"CG1618","FBgn0000346","comt",6,299.73,2,0.255,0.299,0.1985,0.247,,,,,"PM","unknown"
"CG1633","FBgn0040309","Jafrac1",4,165.85,5,0.3446,0.2144,0.2368,0.2042,,,,,"PM","unknown"
"CG1634","FBgn0002968","Nrg",12,513.89,13,0.266308,0.303615,0.275846,0.154,"PM",,,,"PM","unknown"
"CG1648","FBgn0033446","CG1648",1,55.63,1,0.393,0.349,0.109,0.149,,"EAAALATAEAQK",731.409,2,"PM","unknown"
"CG1651","FBgn0011747","Ank",2,100.77,2,0.2605,0.311,0.264,0.1645,"PM",,,,"PM","unknown"
"CG16892","FBgn0030122","CG16892",1,43.86,1,0.118,0.322,0.386,0.174,"ER/Golgi","DGTQLATASIGDR",724.867,2,"ER/Golgi","unknown"
"CG16901","FBgn0003498","sqd",1,48.79,1,0.201,0.077,0.112,0.611,,"YGEIESINVK",720.407,2,"unknown","unknown"
"CG1691","FBgn0030235","Imp",1,54.91,2,0.16,0.0765,0.0965,0.666,,"ITVSSINDINSFNLER",983.531,2,"unknown","unknown"
"CG16916","FBgn0028686","Rpt3",1,42.83,2,0.3975,0.3045,0.165,0.133,"PM","GVLMYGPPGCGK",764.895,2,"PM","unknown"
"CG16944","FBgn0003360","sesB",5,255.24,9,0.355444,0.0872222,0.0803333,0.477,"mitochondrion",,,,"mitochondrion","unknown"
"CG16953","FBgn0038809","CG16953",2,89.69,2,0.253,0.2235,0.268,0.256,,,,,"Phenotype 5","unknown"
"CG16979","FBgn0036512","CG16979",2,82.75,3,0.0976667,0.379333,0.407667,0.115333,"ER/Golgi",,,,"ER/Golgi","unknown"
"CG1703","FBgn0030321","CG1703",1,51.24,1,0.368,0.177,0.109,0.347,,"TAINTILEADVR",730.427,2,"Phenotype 2","unknown"
"CG1709","FBgn0028671","Vha100-1",3,115.86,4,0.243077,0.349308,0.261231,0.146,"PM",,,,"PM","unknown"
"CG1721","FBgn0014869","Pglym78",1,51.93,1,0.486,0.181,0.125,0.208,,"AQVTLASILK",666.422,2,"unknown","unknown"
"CG17245","FBgn0025740","plexB",4,153.02,4,0.208,0.2625,0.36,0.1695,"PM",,,,"PM","unknown"
"CG1725","FBgn0001624","dlg1",4,164.18,3,0.3749,0.2232,0.2278,0.17415,"PM",,,,"PM","unknown"
"CG17255","FBgn0030205","CG17255",2,118.05,1,0.213,0.122,0.13,0.536,,,,,"Phenotype 3","unknown"
"CG17299","FBgn0025803","SNF4Agamma",2,84.35,1,0.366,0.267,0.207,0.16,"PM",,,,"PM","unknown"
"CG17323","FBgn0032713","CG17323",3,149.14,2,0.0775,0.157,0.543,0.2235,,,,,"unknown","unknown"
"CG17332","FBgn0027779","VhaSFD",2,76.24,1,0.397,0.197,0.182,0.224,,,,,"unknown","unknown"
"CG17369","FBgn0005671","Vha55",3,167.69,3,0.356667,0.331667,0.182,0.13,"PM",,,,"PM","unknown"
"CG1742","FBgn0025814","Mgstl",1,44.08,2,0.108,0.219,0.5265,0.1455,"ER/Golgi","TFANPEDLMSPK",827.423,2,"ER/Golgi","unknown"
"CG17461","FBgn0039925","Kif3C",1,43.39,1,0.327,0.177,0.175,0.321,,"IDLIK",445.307,2,"Phenotype 2","unknown"
"CG1751","FBgn0030306","Spase25",5,218.72,5,0.0876,0.1946,0.5692,0.1482,"ER/Golgi",,,,"ER/Golgi","unknown"
"CG17521","FBgn0024733","Qm",2,77.54,3,0.135,0.208667,0.291,0.365,,,,,"Phenotype 1","Ribosome 60S"
"CG17593","FBgn0031544","CG17593",4,159.88,3,0.107,0.249,0.492333,0.151667,"ER/Golgi",,,,"ER/Golgi","unknown"
"CG17654","FBgn0000579","Eno",3,132.43,4,0.4815,0.17825,0.15575,0.1845,,,,,"unknown","unknown"
"CG17737","FBgn0035423","CG17737",1,43.65,1,0.237,0.063,0.202,0.499,,"DPFADAIK",582.831,2,"Phenotype 3","unknown"
"CG17759","FBgn0004435","Galpha49B",2,98.42,2,0.329,0.251,0.262,0.158,"PM",,,,"PM","unknown"
"CG17785","FBgn0039188","Golgin84",1,43.07,1,0.116,0.491,0.266,0.127,"ER/Golgi","VLTQELASLR",637.418,2,"ER/Golgi","unknown"
"CG1780","FBgn0026415","Idgf4",4,188.47,6,0.314833,0.261667,0.213,0.210333,,,,,"PM","unknown"
"CG1782","FBgn0023143","Uba1",1,47.53,1,0.485,0.231,0.154,0.129,"PM","YDSQIAIFGK",715.399,2,"PM","unknown"
"CG17820","FBgn0038914","fit",1,43.39,1,0.151,0.238,0.213,0.398,,"IENYAVNQLR",682.412,2,"Phenotype 1","unknown"
"CG17870","FBgn0004907","14-3-3zeta",5,263.38,3,0.412609,0.270348,0.180696,0.136217,"PM",,,,"PM","unknown"
"CG17947","FBgn0010215","alpha-Cat",5,197.5,6,0.293,0.222,0.284333,0.201,"PM",,,,"PM","unknown"
"CG17949","FBgn0061209","His2B:CG17949",2,91.03,6,0.0693333,0.0821667,0.249667,0.599167,,,,,"Phenotype 6","unknown"
"CG17950","FBgn0004362","HmgD",1,52.7,1,0.054,0.031,0.13,0.785,,"EFEANGGSSAANGGGAK",906.447,2,"unknown","unknown"
"CG17952","FBgn0034657","LBR",3,166.2,4,0.12375,0.26725,0.4,0.20875,,,,,"ER/Golgi","unknown"
"CG1799","FBgn0003204","ras",1,47.34,1,0.354,0.212,0.184,0.25,,"LLGMVTSR",510.826,2,"unknown","unknown"
"CG18012","FBgn0038552","CG18012",1,46.29,1,0.151,0.287,0.371,0.191,"ER/Golgi","DAEQSDVLEATALTQK",669.726,3,"ER/Golgi","unknown"
"CG18102","FBgn0003392","shi",4,193.62,4,0.3165,0.162,0.16275,0.3585,,,,,"Phenotype 7","Cytoskeleton"
"CG18111","FBgn0039678","Obp99a",3,141.01,6,0.0988333,0.300167,0.466167,0.135,"ER/Golgi",,,,"ER/Golgi","unknown"
"CG18212","FBgn0038535","alt",13,693.77,20,0.0880364,0.257182,0.509573,0.145318,"ER/Golgi",,,,"ER/Golgi","unknown"
"CG1825","FBgn0010342","Map60",1,48.57,1,0.122,0.09,0.161,0.627,,"LELSILR",494.338,2,"Phenotype 4","unknown"
"CG18250","FBgn0034072","Dg",2,81.33,2,0.323,0.3335,0.224,0.1195,"PM",,,,"PM","unknown"
"CG1829","FBgn0031126","Cyp6v1",1,49.18,1,0.127,0.314,0.409,0.15,"ER/Golgi","FALLASEQR",589.865,2,"ER/Golgi","unknown"
"CG1837","FBgn0030329","CG1837",11,538.44,21,0.0971429,0.282,0.470905,0.14981,"ER/Golgi",,,,"ER/Golgi","unknown"
"CG18405","FBgn0011259","Sema-1a",2,94.85,2,0.295,0.33,0.276,0.0995,"PM",,,,"PM","unknown"
"CG18431","FBgn0061355","CG18431",1,49.78,1,0.197,0.351,0.271,0.18,"PM","#N/A","#N/A","#N/A","PM","unknown"
"CG18445","FBgn0033476","CG18445",2,75.8,2,0.0855,0.2365,0.493,0.1855,"ER/Golgi",,,,"ER/Golgi","unknown"
"CG18507","FBgn0028527","CG18507",2,77.38,1,0.549,0.187,0.167,0.097,,,,,"unknown","unknown"
"CG18572","FBgn0003189","r",3,129.19,3,0.3542,0.1252,0.1184,0.4022,,,,,"Phenotype 7","unknown"
"CG18578","FBgn0040259","Ugt86Da",2,70.13,2,0.097,0.205,0.5315,0.1665,"ER/Golgi",,,,"ER/Golgi","unknown"
"CG18582","FBgn0025743","mbt",2,74.6,2,0.2885,0.216,0.2665,0.2295,,,,,"Phenotype 5","unknown"
"CG18617","FBgn0028670","Vha100-2",3,132.8,5,0.315,0.2534,0.223,0.2084,,,,,"PM","unknown"
"CG18803","FBgn0019947","Psn",1,42.94,1,0.368,0.277,0.214,0.141,"PM","QIEVQSTQSGNAQR",845.43,2,"PM","unknown"
"CG18811","FBgn0042134","CG18811",2,127.16,2,0.3085,0.181,0.166,0.3445,,,,,"Phenotype 7","unknown"
"CG1883","FBgn0039757","RpS7",2,78.56,2,0.158,0.1225,0.1805,0.5385,,,,,"unknown","unknown"
"CG1884","FBgn0033424","Not1",4,162.68,2,0.179,0.119,0.1205,0.5815,,,,,"Phenotype 3","unknown"
"CG1886","FBgn0030343","ATP7",2,79.15,2,0.252,0.3775,0.2455,0.125,"PM",,,,"PM","unknown"
"CG1910","FBgn0022349","CG1910",1,45.45,1,0.081,0.088,0.143,0.689,,"TMGGSLELAGGR",646.88,2,"Phenotype 4","unknown"
"CG1937","FBgn0039875","sip3",1,45.59,1,0.064,0.318,0.444,0.174,"ER/Golgi","IFLGTLR",482.329,2,"ER/Golgi","unknown"
"CG1938","FBgn0030276","Dlic2",1,50.37,1,0.195,0.106,0.173,0.526,,"AENPYTDIIK",726.409,2,"Phenotype 3","unknown"
"CG1939","FBgn0037469","CG1939",2,92.72,3,0.122667,0.326667,0.410667,0.14,"ER/Golgi",,,,"ER/Golgi","unknown"
"CG1956","FBgn0004636","R",2,108.69,3,0.336333,0.235333,0.243667,0.185333,"PM",,,,"PM","unknown"
"CG1966","FBgn0027620","Acf1",3,106.92,1,0.124,0.154,0.183,0.539,,,,,"Phenotype 8","unknown"
"CG1967","FBgn0030341","p24-1",1,42.75,3,0.0726667,0.352667,0.449667,0.125,"ER/Golgi","VIYSLEK",570.347,2,"ER/Golgi","unknown"
"CG1970","FBgn0039909","CG1970",2,90.27,2,0.3195,0.061,0.09,0.5295,"mitochondrion",,,,"mitochondrion","unknown"
"CG1977","FBgn0003470","alpha-Spec",34,1570.41,44,0.274341,0.232909,0.308682,0.184045,"PM",,,,"PM","unknown"
"CG2023","FBgn0037383","CG2023",1,48.07,2,0.0915,0.3845,0.386,0.1375,"ER/Golgi","TSIAELEELNEAGR",838.446,2,"ER/Golgi","unknown"
"CG2033","FBgn0010198","RpS15Aa",3,144.42,5,0.1704,0.135,0.1558,0.539,,,,,"Phenotype 3","Ribosome 40S"
"CG2050","FBgn0002780","mod",4,168.47,1,0.034,0.042,0.07,0.853,,,,,"unknown","unknown"
"CG2060","FBgn0014469","Cyp4e2",6,257.06,4,0.08475,0.27375,0.4855,0.156,"ER/Golgi",,,,"ER/Golgi","unknown"
"CG2062","FBgn0015034","Cyp4e1",3,121.84,1,0.111,0.126,0.573,0.19,"ER/Golgi",,,,"ER/Golgi","unknown"
"CG2064","FBgn0033205","CG2064",5,239.94,3,0.11,0.307,0.441667,0.141,"ER/Golgi",,,,"ER/Golgi","unknown"
"CG2065","FBgn0033204","CG2065",3,171.36,4,0.2345,0.23625,0.36475,0.1645,"PM",,,,"PM","unknown"
"CG2099","FBgn0037328","RpL35A",1,48.63,4,0.11275,0.14825,0.347,0.39175,,"CVYVYK",554.79,2,"Phenotype 1","Ribosome 60S"
"CG2151","FBgn0020653","Trxr-1",2,89.09,2,0.2735,0.23,0.256,0.2405,,,,,"Phenotype 5","unknown"
"CG2165","FBgn0025704","CG2165",6,265.89,8,0.296625,0.24325,0.290125,0.169875,"PM",,,,"PM","unknown"
"CG2168","FBgn0017545","RpS3A",3,168.74,6,0.247333,0.126667,0.132167,0.493833,,,,,"Phenotype 3","Ribosome 40S"
"CG2171","FBgn0003738","Tpi",2,71.53,2,0.445,0.24,0.172,0.143,"PM",,,,"PM","unknown"
"CG2204","FBgn0001122","G-oalpha47A",4,226.93,2,0.3015,0.342,0.23,0.1265,"PM",,,,"PM","unknown"
"CG2207","FBgn0022893","Df31",1,49.47,1,0.393,0.252,0.236,0.118,"PM","DAVAAEEVAAEK",745.901,2,"PM","unknown"
"CG2210","FBgn0000150","awd",2,99.4,3,0.387667,0.272,0.2,0.14,"PM",,,,"PM","unknown"
"CG2212","FBgn0003656","sws",2,80.18,2,0.160333,0.201667,0.482,0.156,"PM",,,,"PM","unknown"
"CG2216","FBgn0015222","Fer1HCH",4,185.47,6,0.12763,0.284889,0.407037,0.180074,"ER/Golgi",,,,"ER/Golgi","unknown"
"CG2221","FBgn0028331","l(1)G0289",2,76.85,2,0.4725,0.2935,0.1595,0.074,,,,,"unknown","unknown"
"CG2238","FBgn0000559","Ef2b",14,609.08,18,0.215167,0.123208,0.179479,0.481917,,,,,"Phenotype 3","unknown"
"CG2248","FBgn0010333","Rac1",4,192.05,4,0.3805,0.301,0.216,0.10275,"PM",,,,"PM","unknown"
"CG2310","FBgn0039665","CG2310",1,44.2,2,0.2815,0.148,0.3515,0.219,,"EIQGVGNIVPVIK",827.552,2,"unknown","unknown"
"CG2331","FBgn0024923","TER94",6,260.22,8,0.384364,0.254636,0.198273,0.162636,"PM",,,,"PM","unknown"
"CG2358","FBgn0026567","Spase18-21",3,121.89,4,0.1065,0.2015,0.53,0.16225,"ER/Golgi",,,,"ER/Golgi","unknown"
"CG2448","FBgn0030327","FucT6",1,47.86,2,0.093,0.4715,0.3035,0.132,"ER/Golgi","SLLSDMER",547.812,2,"ER/Golgi","Golgi"
"CG2493","FBgn0032864","CG2493",1,58.1,1,0.195,0.133,0.363,0.309,,"QVCYYLK",625.864,2,"Phenotype 1","Lysosome"
"CG2522","FBgn0010391","Gtp-bp",9,500.72,14,0.0915,0.309143,0.446071,0.153143,"ER/Golgi",,,,"ER/Golgi","ER"
"CG2604","FBgn0037298","CG2604",1,42.7,1,0.121,0.161,0.562,0.156,"ER/Golgi","TLLLNYPGLFSGGLASR",962.058,2,"ER/Golgi","unknown"
"CG2621","FBgn0003371","sgg",2,90.38,3,0.381467,0.2063,0.144067,0.268167,,,,,"unknown","unknown"
"CG2637","FBgn0000986","Fs(2)Ket",1,46.16,1,0.291,0.18,0.203,0.326,,"GALQFLTPVLVEK",852.077,2,"unknown","unknown"
"CG2671","FBgn0002121","l(2)gl",3,146.83,4,0.399429,0.263857,0.222857,0.114571,"PM",,,,"PM","unknown"
"CG2718","FBgn0001142","Gs1",2,104.85,3,0.28,0.0666667,0.0686667,0.584667,,,,,"unknown","unknown"
"CG2720","FBgn0024352","Hop",4,173.2,3,0.452667,0.18,0.159333,0.207667,,,,,"unknown","unknown"
"CG2791","FBgn0037533","CG2791",3,130.76,4,0.37325,0.25525,0.19,0.18125,,,,,"PM","unknown"
"CG2849","FBgn0015286","Rala",1,45.34,2,0.3685,0.2615,0.2165,0.153,"PM","VPLSECQLR",617.856,2,"PM","unknown"
"CG2852","FBgn0034753","CG2852",8,384.31,53,0.0820794,0.31827,0.461365,0.138333,"ER/Golgi",,,,"ER/Golgi","unknown"
"CG2915","FBgn0033241","CG2915",4,192.59,6,0.106,0.251,0.4725,0.170667,"ER/Golgi",,,,"ER/Golgi","unknown"
"CG2918","FBgn0023529","CG2918",13,612.45,22,0.0813636,0.268909,0.520182,0.129455,"ER/Golgi",,,,"ER/Golgi","unknown"
"CG2922","FBgn0037346","exba",2,83.99,2,0.3485,0.1375,0.1425,0.3715,,,,,"Phenotype 7","unknown"
"CG2929","FBgn0037339","Pi4KIIalpha",5,215.84,5,0.217083,0.43825,0.1935,0.151,"PM",,,,"PM","unknown"
"CG2934","FBgn0028665","VhaAC39",2,76.94,3,0.276667,0.374,0.203,0.146667,"PM",,,,"PM","unknown"
"CG2943","FBgn0037530","CG2943",12,548.85,23,0.0948261,0.273,0.48787,0.144261,"ER/Golgi",,,,"ER/Golgi","unknown"
"CG2945","FBgn0000316","cin",2,73.3,2,0.4245,0.209,0.2145,0.152,"PM",,,,"PM","unknown"
"CG2968","FBgn0028342","l(1)G0230",2,84.46,3,0.316333,0.0836667,0.099,0.500667,"mitochondrion",,,,"mitochondrion","unknown"
"CG2970","FBgn0034936","CG2970",3,122.86,3,0.263333,0.143333,0.133667,0.460333,,,,,"unknown","unknown"
"CG2979","FBgn0005391","Yp2",6,293.11,7,0.103,0.177286,0.208143,0.511429,,,,,"Phenotype 6","unknown"
"CG2985","FBgn0004045","Yp1",6,314.9,10,0.1126,0.3014,0.2292,0.3568,,,,,"unknown","unknown"
"CG2986","FBgn0015521","oho23B",2,81.88,2,0.4355,0.3,0.144,0.1205,"PM",,,,"PM","unknown"
"CG2998","FBgn0030136","RpS28b",2,95.53,4,0.18975,0.139,0.1655,0.5055,,,,,"Phenotype 3","Ribosome 40S"
"CG30085","FBgn0050085","CG30085",1,48.02,1,0.131,0.123,0.205,0.541,,"GAQLINMIR",580.368,2,"Phenotype 8","unknown"
"CG3011","FBgn0029823","CG3011",2,80.23,3,0.313333,0.156333,0.186667,0.342667,,,,,"Phenotype 7","unknown"
"CG30193","FBgn0050193","CG30193",3,144.28,3,0.114333,0.320667,0.365333,0.199333,,,,,"ER/Golgi","unknown"
"CG3024","FBgn0025615","torp4a",4,157.49,6,0.107,0.284667,0.474833,0.133833,"ER/Golgi",,,,"ER/Golgi","unknown"
"CG30291","FBgn0050291","CG30291",7,293.37,7,0.0901429,0.274571,0.475429,0.159857,"ER/Golgi",,,,"ER/Golgi","unknown"
"CG3033","FBgn0029818","CG3033",4,161.72,3,0.101,0.292,0.456333,0.151,"ER/Golgi",,,,"ER/Golgi","unknown"
"CG30359","FBgn0050359","CG30359",1,68.18,2,0.14,0.1655,0.282,0.4125,,"ALSDAVLAVK",637.896,2,"Phenotype 1","Lysosome"
"CG3036","FBgn0031645","CG3036",1,52.23,1,0.411,0.335,0.164,0.09,"PM","LAELIGGR",486.824,2,"PM","unknown"
"CG30387","FBgn0050387","CG30387",2,87.81,2,0.2275,0.282,0.272,0.219,,,,,"PM","unknown"
"CG3039","FBgn0004646","ogre",2,92.37,3,0.206333,0.180667,0.406333,0.206333,"PM",,,,"PM","unknown"
"CG3044","FBgn0029913","CG3044",1,45.76,1,0.199,0.18,0.249,0.371,,"IGAPASGYGK",604.88,2,"unknown","unknown"
"CG30498","FBgn0004132","boca",1,57.97,1,0.072,0.263,0.52,0.145,"ER/Golgi","DFLIEQER",597.35,2,"ER/Golgi","ER"
"CG3050","FBgn0038194","Cyp6d5",6,253.07,7,0.113833,0.31675,0.42275,0.146583,"ER/Golgi",,,,"ER/Golgi","unknown"
"CG3059","FBgn0024947","NTPase",2,108.78,2,0.1115,0.268,0.4495,0.1715,"ER/Golgi",,,,"ER/Golgi","unknown"
"CG3061","FBgn0038195","CG3061",2,114.87,3,0.0833333,0.282,0.493,0.142,"ER/Golgi",,,,"ER/Golgi","unknown"
"CG3097","FBgn0029804","CG3097",1,48.52,1,0.186,0.356,0.263,0.195,,"LYTIGQTAEGR",676.902,2,"PM","unknown"
"CG31004","FBgn0051004","CG31004",1,52.47,1,0.117,0.17,0.57,0.143,"ER/Golgi","EVPGVGAALFK",688.413,2,"ER/Golgi","unknown"
"CG31022","FBgn0039776","PH4alphaEFB",4,164.46,4,0.105,0.319,0.44025,0.136,"ER/Golgi",,,,"ER/Golgi","unknown"
"CG31120","FBgn0051120","CG31120",5,225.51,5,0.113,0.3032,0.4434,0.1406,"ER/Golgi",,,,"ER/Golgi","unknown"
"CG31127","FBgn0046685","Wsck",1,44.87,1,0.313,0.307,0.208,0.172,"PM","FGEIITGK",576.848,2,"PM","unknown"
"CG31137","FBgn0011725","twin",1,42.89,1,0.15,0.074,0.087,0.689,,"FTLIK",455.325,2,"unknown","unknown"
"CG31152","FBgn0051152","rumi",3,134.78,2,0.114,0.1285,0.547,0.2105,"ER/Golgi",,,,"ER/Golgi","unknown"
"CG31195","FBgn0051195","CG31195",1,46.91,1,0.336,0.146,0.361,0.156,"PM","CDEQSSYCVPIMGR",912.384,2,"PM","unknown"
"CG31196","FBgn0020238","14-3-3epsilon",3,145.11,2,0.457,0.1995,0.2195,0.124,"PM",,,,"PM","unknown"
"CG3127","FBgn0003075","Pgk",4,203.96,5,0.4864,0.2084,0.1478,0.158,,,,,"unknown","unknown"
"CG3129","FBgn0015794","Rab-RP4",1,52.45,1,0.159,0.353,0.327,0.161,,"SLTPSFYR",557.803,2,"PM","unknown"
"CG3131","FBgn0031464","Duox",1,52.29,2,0.12,0.335,0.407,0.138,"ER/Golgi","LFLLGDPR",537.843,2,"ER/Golgi","unknown"
"CG31349","FBgn0003177","pyd",1,45.66,1,0.393,0.204,0.214,0.189,,"IIDGCK",491.804,2,"PM","unknown"
"CG31363","FBgn0051363","Jupiter",2,93.19,2,0.328667,0.106556,0.140333,0.424444,,,,,"mitochondrion","unknown"
"CG3140","FBgn0022708","Adk2",2,79.99,1,0.289,0.09,0.141,0.48,"mitochondrion",,,,"mitochondrion","unknown"
"CG31450","FBgn0051450","mRpS18A",1,45.3,1,0.346,0.099,0.067,0.487,"mitochondrion","IFEGVNVESPR",695.924,2,"mitochondrion","mitochondrion"
"CG3152","FBgn0026761","Trap1",4,169.67,4,0.37075,0.13375,0.09425,0.40125,,,,,"unknown","unknown"
"CG31605","FBgn0011219","Bsg",4,185.79,5,0.312,0.3008,0.2518,0.1352,"PM",,,,"PM","unknown"
"CG31617","FBgn0051617","His1:CG31617",2,86,3,0.0706667,0.0566667,0.181333,0.691667,,,,,"Phenotype 4","Nucleus"
"CG3164","FBgn0025683","CG3164",1,47.55,1,0.235,0.169,0.361,0.235,,"SSADYAGLK",600.326,2,"unknown","unknown"
"CG31651","FBgn0031681","pgant5",2,86.86,3,0.068,0.582333,0.233667,0.116,"ER/Golgi",,,,"ER/Golgi","Golgi"
"CG3167","FBgn0034962","MAN1",4,187.42,4,0.08725,0.28975,0.46225,0.161,"ER/Golgi",,,,"ER/Golgi","unknown"
"CG31717","FBgn0051717","CG31717",1,47.7,1,0.117,0.135,0.6,0.149,"ER/Golgi","YLLEK",477.311,2,"ER/Golgi","unknown"
"CG31729","FBgn0051729","CG31729",2,83.24,4,0.1615,0.27275,0.33625,0.22975,,,,,"unknown","unknown"
"CG31731","FBgn0028539","CG31731",2,73.29,2,0.286,0.289,0.2915,0.133,"PM",,,,"PM","unknown"
"CG31738","FBgn0051738","CG31738",4,180.47,2,0.0795,0.299,0.4785,0.143,"ER/Golgi",,,,"ER/Golgi","unknown"
"CG3178","FBgn0004584","Rrp1",1,52.52,1,0.023,0.034,0.18,0.763,,"LVNLEPR",492.826,2,"Phenotype 4","Nucleus"
"CG3186","FBgn0034967","eIF-5A",2,88.46,2,0.2165,0.1095,0.2305,0.4435,,,,,"unknown","unknown"
"CG31884","FBgn0040070","Trx-2",1,55.59,1,0.371,0.114,0.188,0.327,,"VEEFAGANAK",662.388,2,"Phenotype 2","unknown"
"CG31915","FBgn0051915","CG31915",2,72.47,2,0.1165,0.3275,0.4155,0.1405,"ER/Golgi",,,,"ER/Golgi","unknown"
"CG31937","FBgn0031360","CG31937",2,84.77,4,0.1255,0.28375,0.41175,0.179,"ER/Golgi",,,,"ER/Golgi","unknown"
"CG31938","FBgn0051938","CG31938",2,78.38,2,0.165,0.1105,0.1205,0.6045,,,,,"Phenotype 4","Nucleus"
"CG3195","FBgn0034968","RpL12",3,169.78,5,0.156,0.2854,0.2052,0.3536,,,,,"Phenotype 1","Ribosome 60S"
"CG3201","FBgn0004687","Mlc-c",1,58.59,2,0.374,0.1465,0.172,0.307,,"IQLSQVGECLR",718.419,2,"Phenotype 2","unknown"
"CG3203","FBgn0029897","RpL17",1,51.99,3,0.125,0.136667,0.279333,0.458667,,"SAEFLLQLLR",667.3,2,"Phenotype 1","Ribosome 60S"
"CG32031","FBgn0000116","Argk",2,86.66,2,0.395429,0.298429,0.201429,0.105286,"PM",,,,"PM","unknown"
"CG32066","FBgn0052066","CG32066",2,71.38,1,0.466,0.233,0.188,0.113,"PM",,,,"PM","unknown"
"CG32069","FBgn0052069","CG32069",2,82.68,3,0.113333,0.260667,0.450667,0.175,"ER/Golgi",,,,"ER/Golgi","unknown"
"CG3209","FBgn0034971","CG3209",4,209.05,5,0.1082,0.2624,0.481,0.1484,"ER/Golgi",,,,"ER/Golgi","unknown"
"CG32146","FBgn0041604","dlp",2,103.38,2,0.3355,0.3475,0.185,0.132,"PM",,,,"PM","unknown"
"CG32190","FBgn0052190","NUCB1",3,126.84,3,0.079,0.223333,0.57,0.128333,"ER/Golgi",,,,"ER/Golgi","unknown"
"CG32230","FBgn0052230","CG32230",1,50.67,2,0.2995,0.0695,0.1085,0.5225,"mitochondrion","NPDVTWNR",573.292,2,"mitochondrion","unknown"
"CG32451","FBgn0052451","SPoCk",3,119.57,3,0.108,0.45,0.333,0.109333,"ER/Golgi",,,,"ER/Golgi","unknown"
"CG32473","FBgn0052473","CG32473",3,128.94,3,0.263333,0.189333,0.205333,0.342,,,,,"unknown","unknown"
"CG32536","FBgn0052536","CG32536",1,63.7,1,0.084,0.49,0.312,0.114,"ER/Golgi","GDFSATGATSAGQAGGGR",856.402,2,"ER/Golgi","unknown"
"CG3254","FBgn0031530","pgant2",2,76.23,1,0.096,0.602,0.2,0.102,"ER/Golgi",,,,"ER/Golgi","Golgi"
"CG32593","FBgn0024753","Flo-2",7,348.58,6,0.313,0.3104,0.226543,0.150029,"PM",,,,"PM","PM"
"CG32632","FBgn0052632","Tango13",1,68.31,2,0.0575,0.263,0.5145,0.165,"ER/Golgi","FLFMVR",478.802,2,"ER/Golgi","unknown"
"CG3265","FBgn0027066","Eb1",3,108.12,3,0.298333,0.139333,0.146,0.415667,,,,,"Phenotype 7","Cytoskeleton"
"CG32675","FBgn0052675","Tango5",2,97.06,1,0.071,0.319,0.468,0.142,"ER/Golgi",,,,"ER/Golgi","unknown"
"CG32678","FBgn0067052","Rab9D",1,57.53,2,0.279,0.384,0.2335,0.1035,"PM","IILLGDSGVGK",680.419,2,"PM","unknown"
"CG32684","FBgn0010338","alpha-Man-I",1,42.37,1,0.067,0.581,0.257,0.095,"ER/Golgi","APTQLGPEAFR",665.898,2,"ER/Golgi","unknown"
"CG3269","FBgn0014009","Rab2",5,271.96,8,0.20275,0.322375,0.335,0.13975,"PM",,,,"PM","unknown"
"CG32699","FBgn0052699","CG32699",1,51.6,1,0.079,0.348,0.452,0.12,"ER/Golgi","ETADIPLLGK",672.897,2,"ER/Golgi","unknown"
"CG32701","FBgn0028327","l(1)G0320",1,53.54,1,0.06,0.304,0.506,0.13,"ER/Golgi","GAEEFVIETVEASFR",914.7,2,"ER/Golgi","unknown"
"CG32795","FBgn0040384","CG32795",2,82.6,2,0.107,0.35,0.421,0.122,"ER/Golgi",,,,"ER/Golgi","unknown"
"CG32858","FBgn0003447","sn",1,48.25,1,0.561,0.182,0.148,0.108,,"ATYETILVER",669.864,2,"unknown","unknown"
"CG33087","FBgn0053087","CG33087",4,184.9,4,0.3295,0.346,0.2235,0.10025,"PM",,,,"PM","unknown"
"CG33096","FBgn0053096","CG33096",3,112.37,4,0.320833,0.287833,0.25,0.1415,"PM",,,,"PM","unknown"
"CG33101","FBgn0013998","Nsf2",9,451.33,6,0.266167,0.292833,0.172667,0.268333,,,,,"PM","unknown"
"CG33103","FBgn0003137","Ppn",2,97.73,2,0.1945,0.493,0.2145,0.0985,"PM",,,,"PM","unknown"
"CG33104","FBgn0069242","eca",2,92.1,3,0.0876667,0.255667,0.517667,0.139333,"ER/Golgi",,,,"ER/Golgi","unknown"
"CG33113","FBgn0053113","Rtnl1",6,243.15,11,0.0678491,0.208113,0.560226,0.163811,"ER/Golgi",,,,"ER/Golgi","unknown"
"CG33129","FBgn0053129","CG33129",9,436.05,14,0.107684,0.240447,0.505237,0.146632,"ER/Golgi",,,,"ER/Golgi","unknown"
"CG3314","FBgn0014026","RpL7A",4,212.92,10,0.1274,0.205,0.2797,0.3884,,,,,"Phenotype 1","Ribosome 60S"
"CG33162","FBgn0011509","SrpRbeta",2,120.96,4,0.0965,0.124,0.61625,0.16325,"ER/Golgi",,,,"ER/Golgi","ER"
"CG3320","FBgn0016700","Rab1",5,277.6,8,0.3052,0.3682,0.213267,0.1136,"PM",,,,"PM","unknown"
"CG33214","FBgn0053214","CG33214",5,204.31,6,0.0951667,0.645333,0.162667,0.0968333,"ER/Golgi",,,,"ER/Golgi","unknown"
"CG3322","FBgn0002528","LanB2",6,256.12,7,0.147857,0.313286,0.387571,0.151429,"ER/Golgi",,,,"ER/Golgi","unknown"
"CG3329","FBgn0023174","Prosbeta2",1,45.97,1,0.334,0.187,0.165,0.314,,"DLLVTER",495.307,2,"Phenotype 2","Proteasome"
"CG33303","FBgn0053303","CG33303",5,239.51,13,0.0887692,0.273385,0.505462,0.132308,"ER/Golgi",,,,"ER/Golgi","unknown"
"CG3352","FBgn0001075","ft",2,96.7,2,0.206,0.2585,0.3265,0.209,,,,,"unknown","unknown"
"CG33523","FBgn0053523","CG33523",4,196.91,3,0.1226,0.3194,0.4246,0.1334,"ER/Golgi",,,,"ER/Golgi","unknown"
"CG3359","FBgn0024211","mfas",2,76.4,2,0.222,0.3815,0.222,0.175,"PM",,,,"PM","unknown"
"CG3373","FBgn0015737","Hmu",5,218.48,7,0.095,0.202143,0.547286,0.155714,"ER/Golgi",,,,"ER/Golgi","unknown"
"CG3394","FBgn0034999","CG3394",3,140.09,2,0.155,0.403,0.258,0.184,,,,,"PM","unknown"
"CG3395","FBgn0010408","RpS9",2,89.02,4,0.292,0.17575,0.15175,0.38075,,,,,"Phenotype 7","unknown"
"CG3408","FBgn0036008","CG3408",1,44.32,1,0.133,0.261,0.445,0.16,"ER/Golgi","IVGCCSTQK",659.85,2,"ER/Golgi","unknown"
"CG3415","FBgn0030731","CG3415",2,98.41,2,0.117,0.087,0.288,0.5085,,,,,"Phenotype 6","Peroxisome"
"CG3431","FBgn0011327","Uch-L3",2,95.88,2,0.3635,0.1295,0.1615,0.3455,,,,,"Phenotype 2","Proteasome"
"CG3455","FBgn0028685","Rpt4",1,51.57,1,0.462,0.145,0.153,0.239,,"VVSSAIVDK",603.376,2,"unknown","unknown"
"CG3481","FBgn0000055","Adh",1,47.98,1,0.533,0.231,0.132,0.104,,"#N/A","#N/A","#N/A","unknown","unknown"
"CG3499","FBgn0034792","CG3499",1,46.91,1,0.303,0.089,0.134,0.474,"mitochondrion","EVVEFLK",576.347,2,"mitochondrion","unknown"
"CG3501","FBgn0034791","CG3501",1,49.64,2,0.1135,0.462,0.3285,0.0955,"ER/Golgi","NACFVVVDNK",721.878,2,"ER/Golgi","unknown"
"CG3539","FBgn0015816","Slh",2,87.57,2,0.1275,0.347,0.3305,0.195,,,,,"ER/Golgi","unknown"
"CG3560","FBgn0030733","CG3560",1,47.89,1,0.251,0.069,0.13,0.549,,"YLEPYLK",607.362,2,"Phenotype 3","unknown"
"CG3564","FBgn0029709","CHOp24",3,147.31,7,0.0954286,0.311429,0.449429,0.143429,"ER/Golgi",,,,"ER/Golgi","unknown"
"CG3576","FBgn0040918","Lag1",1,53.48,1,0.092,0.183,0.571,0.154,"ER/Golgi","AANVPILEK",621.891,2,"ER/Golgi","unknown"
"CG3612","FBgn0011211","blw",10,575.69,21,0.34719,0.0887619,0.0960952,0.468048,"mitochondrion",,,,"mitochondrion","mitochondrion"
"CG3624","FBgn0034724","CG3624",2,96.06,3,0.357,0.361667,0.188,0.0936667,"PM",,,,"PM","unknown"
"CG3625","FBgn0031245","CG3625",1,55.94,1,0.09,0.213,0.548,0.15,"ER/Golgi","GNSVYQGVYGALR",764.448,2,"ER/Golgi","unknown"
"CG3638","FBgn0026875","CG3638",2,109.76,1,0.412,0.208,0.213,0.167,"PM",,,,"PM","unknown"
"CG3661","FBgn0010078","RpL23",2,101.48,4,0.22125,0.244,0.241,0.294,,,,,"unknown","unknown"
"CG3664","FBgn0014010","Rab5",3,155.47,4,0.28075,0.2905,0.28825,0.14075,"PM",,,,"PM","unknown"
"CG3665","FBgn0000635","Fas2",8,348.69,10,0.300179,0.319036,0.252429,0.128464,"PM",,,,"PM","PM"
"CG3702","FBgn0031590","CG3702",1,47.9,1,0.078,0.181,0.576,0.166,"ER/Golgi","ILGVLPR",456.331,2,"ER/Golgi","unknown"
"CG3722","FBgn0003391","shg",8,333.29,7,0.261571,0.225571,0.347714,0.165143,"PM",,,,"PM","unknown"
"CG3725","FBgn0004551","Ca-P60A",18,893.37,28,0.11822,0.290493,0.44726,0.143924,"ER/Golgi",,,,"ER/Golgi","unknown"
"CG3731","FBgn0038271","CG3731",3,188.59,5,0.2946,0.1078,0.1118,0.4856,"mitochondrion",,,,"mitochondrion","unknown"
"CG3751","FBgn0034751","RpS24",2,76.34,2,0.2535,0.1365,0.1415,0.469,,,,,"Phenotype 3","Ribosome 40S"
"CG3752","FBgn0012036","Aldh",5,236.64,6,0.265667,0.0908333,0.0856667,0.558167,,,,,"mitochondrion","unknown"
"CG3760","FBgn0022343","CG3760",2,94,2,0.277,0.138333,0.129667,0.455667,,,,,"unknown","unknown"
"CG3762","FBgn0020367","Vha68-2",5,228.96,2,0.3885,0.207,0.255,0.1495,"PM",,,,"PM","unknown"
"CG3792","FBgn0031662","CG3792",1,52.33,2,0.113,0.3085,0.443,0.1345,"ER/Golgi","QGALFLMSEK",706.404,2,"ER/Golgi","unknown"
"CG3800","FBgn0034802","CG3800",1,42.67,2,0.237,0.159,0.1485,0.4555,,"DCSLGGGGGPGGVGGGGGGGGGGMR",1040.45,2,"unknown","unknown"
"CG3842","FBgn0029866","CG3842",2,110.3,5,0.2472,0.2526,0.3396,0.1606,"PM",,,,"PM","unknown"
"CG3845","FBgn0010488","l(2)01424",1,48.76,1,0.229,0.145,0.176,0.45,,"FIGELNK",554.864,2,"Phenotype 3","unknown"
"CG3861","FBgn0026708","l(1)G0030",4,157.26,4,0.32375,0.12025,0.108,0.44825,"mitochondrion",,,,"mitochondrion","unknown"
"CG3887","FBgn0031670","CG3887",1,42.32,1,0.078,0.305,0.477,0.141,"ER/Golgi","VQENPDFVK",682.403,2,"ER/Golgi","unknown"
"CG3902","FBgn0036824","CG3902",3,119.24,2,0.2965,0.0925,0.086,0.5255,"mitochondrion",,,,"mitochondrion","unknown"
"CG3922","FBgn0005533","RpS17",1,53.25,1,0.167,0.16,0.107,0.565,,"GLQLTQPNTNNFGR",852.449,2,"Phenotype 3","Ribosome 40S"
"CG3944","FBgn0017567","ND23",2,74,2,0.381,0.0595,0.071,0.488,"mitochondrion",,,,"mitochondrion","mitochondrion"
"CG3949","FBgn0015393","hoip",2,90.77,3,0.159333,0.129,0.109667,0.601667,,,,,"Phenotype 4","Nucleus"
"CG3971","FBgn0036650","Baldspot",1,48.04,1,0.097,0.269,0.471,0.163,"ER/Golgi","FIGAGEDQAAYLR",777.916,2,"ER/Golgi","unknown"
"CG3979","FBgn0036816","Indy",2,77.43,2,0.33275,0.22675,0.2915,0.149,"PM",,,,"PM","unknown"
"CG3991","FBgn0020370","TppII",14,604.56,13,0.222692,0.0955385,0.0841538,0.597538,,,,,"unknown","unknown"
"CG4001","FBgn0003071","Pfk",1,46.93,1,0.464,0.145,0.151,0.239,,"SPDTATLLGIVSR",737.438,2,"unknown","unknown"
"CG4003","FBgn0040078","pont",2,88.74,2,0.2055,0.1535,0.1845,0.456,,,,,"unknown","unknown"
"CG4016","FBgn0033800","Spt-I",2,79.42,2,0.094,0.2935,0.4325,0.18,"ER/Golgi",,,,"ER/Golgi","unknown"
"CG4046","FBgn0034743","RpS16",4,196.39,6,0.200833,0.156167,0.132833,0.510167,,,,,"Phenotype 3","Ribosome 40S"
"CG4087","FBgn0002593","RpLP1",4,178.2,8,0.256875,0.277125,0.23675,0.2295,,,,,"PM","unknown"
"CG4094","FBgn0028336","l(1)G0255",3,120.14,2,0.2835,0.1425,0.084,0.49,"mitochondrion",,,,"mitochondrion","unknown"
"CG4115","FBgn0038017","CG4115",1,45.54,1,0.174,0.479,0.226,0.121,"PM","GVEEDWLTAR",660.371,2,"PM","unknown"
"CG4122","FBgn0004648","svr",7,290.29,7,0.113424,0.528939,0.242727,0.115061,"ER/Golgi",,,,"ER/Golgi","unknown"
"CG4123","FBgn0026061","Mipp1",2,82.88,2,0.357,0.304,0.223,0.1155,"PM",,,,"PM","unknown"
"CG4125","FBgn0003285","rst",2,113.61,2,0.3035,0.3385,0.204,0.1545,"PM",,,,"PM","unknown"
"CG4143","FBgn0026208","mbf1",3,135.3,2,0.139,0.143,0.1815,0.5365,,,,,"Phenotype 8","unknown"
"CG4147","FBgn0001218","Hsc70-3",14,775.58,39,0.0891538,0.276667,0.492205,0.142077,"ER/Golgi",,,,"ER/Golgi","unknown"
"CG4162","FBgn0002524","lace",1,44.96,1,0.099,0.303,0.48,0.118,"ER/Golgi","LIDFLR",460.789,2,"ER/Golgi","unknown"
"CG4164","FBgn0031256","CG4164",2,101.69,3,0.154667,0.244667,0.442667,0.158,,,,,"ER/Golgi","unknown"
"CG4169","FBgn0036642","CG4169",5,222.92,3,0.354667,0.0963333,0.107333,0.441333,"mitochondrion",,,,"mitochondrion","unknown"
"CG4183","FBgn0001225","Hsp26",1,63.33,2,0.3365,0.1095,0.1725,0.381,,"YVLPLGTQQR",659.889,2,"Phenotype 7","Cytoskeleton"
"CG4212","FBgn0015791","Rab14",2,93.4,1,0.311,0.339,0.241,0.108,"PM",,,,"PM","unknown"
"CG4214","FBgn0011708","Syx5",2,89.66,2,0.1045,0.424,0.3105,0.1615,"ER/Golgi",,,,"ER/Golgi","unknown"
"CG4217","FBgn0038805","TFAM",1,47.69,2,0.3305,0.1135,0.1125,0.4435,"mitochondrion","GGLIGSLINK",630.397,2,"mitochondrion","unknown"
"CG4225","FBgn0038376","CG4225",2,95.74,3,0.244667,0.191667,0.247333,0.316333,,,,,"Phenotype 5","unknown"
"CG4233","FBgn0001125","Got2",6,282.99,9,0.297111,0.0824444,0.0684444,0.552333,,,,,"mitochondrion","unknown"
"CG4260","FBgn0015567","alpha-Adaptin",5,220.18,5,0.3516,0.1884,0.2774,0.1828,"PM",,,,"PM","unknown"
"CG4264","FBgn0001219","Hsc70-4",12,546.04,14,0.407643,0.184286,0.1795,0.228643,,,,,"unknown","unknown"
"CG4307","FBgn0016691","Oscp",4,170.49,5,0.362286,0.0737143,0.0924286,0.471571,"mitochondrion",,,,"mitochondrion","unknown"
"CG4337","FBgn0010438","mtSSB",2,107.38,2,0.3985,0.144,0.184,0.2735,,,,,"Phenotype 2","unknown"
"CG4357","FBgn0036279","Ncc69",2,71.87,2,0.3245,0.2395,0.3025,0.1335,"PM",,,,"PM","unknown"
"CG4365","FBgn0037024","CG4365",1,46.77,2,0.3055,0.2605,0.1775,0.2565,,"LSALPDATK",602.371,2,"PM","unknown"
"CG4376","FBgn0000667","Actn",1,61.61,1,0.407,0.225,0.238,0.131,"PM","ANIVGPWIER",649.909,2,"PM","unknown"
"CG4389","FBgn0028479","CG4389",8,368.26,10,0.2976,0.0844,0.0947,0.5236,"mitochondrion",,,,"mitochondrion","unknown"
"CG4408","FBgn0039073","CG4408",3,178.24,4,0.1345,0.289,0.3775,0.1995,"ER/Golgi",,,,"ER/Golgi","unknown"
"CG4412","FBgn0016119","ATPsyn-Cf6",1,58.38,2,0.3175,0.079,0.0725,0.531,"mitochondrion","FPEFQFPDVK",771.417,2,"mitochondrion","mitochondrion"
"CG4429","FBgn0010256","Rbp2",1,67.87,2,0.1935,0.122,0.154,0.5305,,"LDDLSAPLR",572.36,2,"Phenotype 3","unknown"
"CG4464","FBgn0010412","RpS19a",4,201.29,8,0.19675,0.13175,0.154,0.5175,,,,,"Phenotype 3","Ribosome 40S"
"CG4466","FBgn0001226","Hsp27",3,143.52,4,0.3625,0.124,0.14325,0.37,,,,,"Phenotype 7","Cytoskeleton"
"CG4494","FBgn0026170","smt3",1,57.87,1,0.284,0.149,0.15,0.417,,"AGLSMQVVR",552.843,2,"Phenotype 7","unknown"
"CG4532","FBgn0029903","pod1",1,48.83,1,0.373,0.225,0.201,0.201,,"ISVPEGK",509.342,2,"PM","unknown"
"CG4561","FBgn0027080","Aats-tyr",3,122.45,2,0.28,0.173,0.192,0.355,,,,,"unknown","unknown"
"CG4581","FBgn0025352","Thiolase",2,89.23,3,0.271,0.0953333,0.105667,0.527333,,,,,"mitochondrion","unknown"
"CG4584","FBgn0013349","dUTPase",2,97.42,3,0.406,0.253,0.2,0.141667,"PM",,,,"PM","unknown"
"CG4586","FBgn0029924","CG4586",2,80.78,1,0.073,0.061,0.309,0.558,,,,,"Phenotype 6","Peroxisome"
"CG4590","FBgn0027108","inx2",4,158.37,4,0.23975,0.24125,0.34075,0.178,"PM",,,,"PM","unknown"
"CG4600","FBgn0040064","yip2",5,255.63,5,0.328,0.0928,0.08,0.4992,"mitochondrion",,,,"mitochondrion","unknown"
"CG4606","FBgn0026616","alpha-Man-IIb",4,164.25,3,0.074,0.606,0.215667,0.104333,"ER/Golgi",,,,"ER/Golgi","Golgi"
"CG4651","FBgn0011272","RpL13",5,227.54,13,0.140923,0.198231,0.281077,0.379692,,,,,"Phenotype 1","Ribosome 60S"
"CG4670","FBgn0033814","CG4670",1,42.87,1,0.107,0.25,0.387,0.256,,"DAVLGFLK",575.855,2,"unknown","unknown"
"CG4679","FBgn0033816","CG4679",4,149.32,3,0.315667,0.109667,0.122,0.453,"mitochondrion",,,,"mitochondrion","unknown"
"CG4685","FBgn0039349","CG4685",1,58.36,2,0.291,0.069,0.111,0.529,"mitochondrion","LAVDAGIPK",586.371,2,"mitochondrion","unknown"
"CG4692","FBgn0035032","CG4692",2,82.91,2,0.363,0.0705,0.063,0.504,"mitochondrion",,,,"mitochondrion","unknown"
"CG4700","FBgn0011260","Sema-2a",5,205.85,4,0.119,0.299333,0.422,0.159933,"ER/Golgi",,,,"ER/Golgi","unknown"
"CG4703","FBgn0038742","Arc42",2,93.8,2,0.308,0.1275,0.129,0.4355,"mitochondrion",,,,"mitochondrion","unknown"
"CG4729","FBgn0036623","CG4729",2,76.11,3,0.1,0.1963,0.5584,0.1443,"ER/Golgi",,,,"ER/Golgi","unknown"
"CG4747","FBgn0043456","CG4747",2,94.09,1,0.101,0.112,0.171,0.616,,,,,"unknown","unknown"
"CG4753","FBgn0036622","CG4753",2,84.7,3,0.0993333,0.173,0.565,0.162667,"ER/Golgi",,,,"ER/Golgi","unknown"
"CG4758","FBgn0011584","Trp1",2,88.5,2,0.082,0.2505,0.489,0.1785,"ER/Golgi",,,,"ER/Golgi","ER"
"CG4769","FBgn0035600","CG4769",1,43.62,1,0.331,0.085,0.134,0.451,"mitochondrion","DVATFLK",541.326,2,"mitochondrion","unknown"
"CG4780","FBgn0035602","CG4780",1,56.54,1,0.082,0.326,0.46,0.131,"ER/Golgi","FTANSAQPEETR",747.865,2,"ER/Golgi","unknown"
"CG4789","FBgn0030792","CG4789",2,110.81,3,0.116667,0.326,0.408667,0.148333,"ER/Golgi",,,,"ER/Golgi","unknown"
"CG4799","FBgn0011823","Pen",1,42.56,1,0.303,0.256,0.228,0.213,,"QFLGMQSAR",591.341,2,"PM","unknown"
"CG4800","FBgn0037874","Tctp",1,48.98,1,0.528,0.189,0.18,0.104,"PM","DIITGDEMFADTYK",954.027,2,"PM","unknown"
"CG4825","FBgn0037010","CG4825",1,51.16,1,0.104,0.282,0.488,0.127,"ER/Golgi","AMLQFTPESWSAIR",890.955,2,"ER/Golgi","unknown"
"CG4829","FBgn0030796","CG4829",2,94.86,2,0.528,0.276,0.1335,0.062,,,,,"unknown","unknown"
"CG4863","FBgn0020910","RpL3",3,158.56,4,0.1305,0.18,0.3085,0.3805,,,,,"Phenotype 1","Ribosome 60S"
"CG4878","FBgn0034237","eIF3-S9",2,76.16,2,0.265,0.1225,0.156,0.4565,,,,,"Phenotype 3","unknown"
"CG4897","FBgn0005593","RpL7",3,123.36,6,0.125167,0.150833,0.273833,0.4505,,,,,"Phenotype 1","Ribosome 60S"
"CG4898","FBgn0003721","Tm1",1,72.14,2,0.3245,0.3005,0.2435,0.1315,"PM","LSEASQAADESER",768.889,2,"PM","unknown"
"CG4912","FBgn0032198","eEF1delta",3,107.89,3,0.500333,0.183333,0.168333,0.147667,"PM",,,,"PM","unknown"
"CG4918","FBgn0003274","RpLP2",1,46.5,2,0.256,0.237,0.266,0.2415,,"SIDDLIK",546.361,2,"Phenotype 5","unknown"
"CG4921","FBgn0016701","Rab4",5,240.4,5,0.3376,0.371,0.2016,0.09,"PM",,,,"PM","unknown"
"CG4931","FBgn0038320","Sra-1",4,166.47,4,0.42325,0.1945,0.1975,0.185,,,,,"PM","unknown"
"CG4944","FBgn0026084","cib",1,49.72,1,0.613,0.177,0.126,0.083,,"IILPTAEDVAAEK",829.528,2,"unknown","unknown"
"CG4954","FBgn0034258","eIF3-S8",6,246.13,7,0.264857,0.0874286,0.126429,0.521429,,,,,"unknown","unknown"
"CG4972","FBgn0032217","CG4972",2,72.6,2,0.0715,0.194,0.5705,0.164,"ER/Golgi",,,,"ER/Golgi","unknown"
"CG4993","FBgn0024734","PRL-1",1,43.26,1,0.374,0.275,0.172,0.179,,"YEAAVEMIR",613.321,2,"PM","unknown"
"CG4994","FBgn0026409","Mpcp",2,78.89,3,0.348667,0.0796667,0.109,0.462667,"mitochondrion",,,,"mitochondrion","unknown"
"CG5000","FBgn0027948","msps",4,209.34,4,0.32075,0.143,0.17325,0.363,,,,,"Phenotype 7","Cytoskeleton"
"CG5012","FBgn0011787","mRpL12",3,128.9,4,0.3155,0.064,0.0725,0.54775,"mitochondrion",,,,"mitochondrion","mitochondrion"
"CG5014","FBgn0029687","Vap-33-1",5,227.77,7,0.121286,0.282714,0.429,0.167286,"ER/Golgi",,,,"ER/Golgi","unknown"
"CG5027","FBgn0036579","CG5027",1,44.15,1,0.089,0.305,0.454,0.152,"ER/Golgi","TESVDMLK",605.845,2,"ER/Golgi","unknown"
"CG5028","FBgn0039358","CG5028",2,96.96,1,0.239,0.227,0.193,0.341,,,,,"Phenotype 5","unknown"
"CG5080","FBgn0031313","CG5080",7,306.3,7,0.204714,0.381857,0.255286,0.158143,"PM",,,,"PM","unknown"
"CG5119","FBgn0003031","pAbp",3,150.2,6,0.2175,0.106667,0.136333,0.5395,,,,,"Phenotype 3","unknown"
"CG5167","FBgn0038038","CG5167",2,73.69,2,0.0965,0.193,0.507,0.2035,"ER/Golgi",,,,"ER/Golgi","unknown"
"CG5170","FBgn0027835","Dp1",6,273.49,4,0.18475,0.12,0.156,0.5395,,,,,"Phenotype 3","unknown"
"CG5189","FBgn0034350","CG5189",1,47.48,1,0.236,0.13,0.193,0.44,,"QTVGLGLLK",608.899,2,"unknown","unknown"
"CG5196","FBgn0038039","CG5196",2,93.02,2,0.0913333,0.241333,0.529333,0.138,"ER/Golgi",,,,"ER/Golgi","unknown"
"CG5210","FBgn0013763","Chit",4,155.89,5,0.3992,0.1756,0.15,0.2754,,,,,"Phenotype 2","unknown"
"CG5214","FBgn0037891","CG5214",2,96.81,3,0.303,0.0746667,0.058,0.564,,,,,"mitochondrion","unknown"
"CG5227","FBgn0021764","sdk",4,203.15,2,0.3225,0.283,0.248,0.147,"PM",,,,"PM","unknown"
"CG5258","FBgn0029148","NHP2",1,50.05,1,0.145,0.093,0.112,0.65,,"GTVALLVR",486.843,2,"Phenotype 4","Nucleus"
"CG5261","FBgn0031912","CG5261",1,47.68,1,0.292,0.074,0.048,0.586,,"YEDIPVTNMR",691.343,2,"unknown","unknown"
"CG5266","FBgn0010405","Pros25",1,44.05,1,0.402,0.166,0.16,0.272,,"YSFSLTTFSPSGK",855.451,2,"Phenotype 2","Proteasome"
"CG5284","FBgn0036566","CG5284",2,81.54,3,0.322667,0.388333,0.181333,0.107667,"PM",,,,"PM","unknown"
"CG5289","FBgn0015282","Pros26.4",2,86.47,1,0.469,0.153,0.126,0.252,,,,,"unknown","unknown"
"CG5330","FBgn0015268","Nap1",2,74.4,2,0.408,0.2435,0.196,0.1525,"PM",,,,"PM","unknown"
"CG5339","FBgn0034925","CG5339",1,72.54,1,0.214,0.371,0.238,0.177,"PM","VANTVSELSGSAGLR",802.937,2,"PM","unknown"
"CG5362","FBgn0032237","CG5362",2,88.33,2,0.3735,0.152,0.161,0.313,,,,,"Phenotype 2","unknown"
"CG5374","FBgn0003676","T-cp1",6,278.59,8,0.297125,0.144625,0.15875,0.399625,,,,,"Phenotype 7","Cytoskeleton"
"CG5382","FBgn0038950","CG5382",3,123.93,4,0.06575,0.4785,0.3225,0.133,"ER/Golgi",,,,"ER/Golgi","unknown"
"CG5394","FBgn0005674","Aats-glupro",6,272.43,6,0.2221,0.1141,0.0992,0.5648,,,,,"Phenotype 3","unknown"
"CG5433","FBgn0010235","Klc",1,42.73,1,0.34,0.113,0.166,0.381,,"YEVAVPLCK",678.368,2,"Phenotype 7","Cytoskeleton"
"CG5462","FBgn0026178","scrib",2,91.8,2,0.3175,0.2405,0.2705,0.1715,"PM",,,,"PM","unknown"
"CG5474","FBgn0011016","SsRbeta",2,143.18,5,0.0724,0.3614,0.4646,0.1016,"ER/Golgi",,,,"ER/Golgi","ER"
"CG5481","FBgn0002543","lea",2,78.79,2,0.2995,0.3,0.257,0.144,"PM",,,,"PM","PM"
"CG5482","FBgn0034368","CG5482",3,118.32,4,0.127,0.2295,0.50575,0.13775,"ER/Golgi",,,,"ER/Golgi","unknown"
"CG5499","FBgn0001197","His2Av",2,90.13,5,0.0842,0.0814,0.1772,0.6576,,,,,"Phenotype 4","Nucleus"
"CG5502","FBgn0003279","RpL4",6,280.31,8,0.13725,0.198375,0.296125,0.3685,,,,,"Phenotype 1","Ribosome 60S"
"CG5510","FBgn0039160","CG5510",2,77.06,3,0.101,0.325,0.429667,0.144667,"ER/Golgi",,,,"ER/Golgi","unknown"
"CG5520","FBgn0039562","Gp93",17,824.09,43,0.0869535,0.225907,0.528023,0.15914,"ER/Golgi",,,,"ER/Golgi","unknown"
"CG5525","FBgn0032444","CG5525",2,87.28,1,0.258,0.121,0.172,0.449,,,,,"Phenotype 3","unknown"
"CG5532","FBgn0034902","CG5532",1,51.97,3,0.124,0.229667,0.454333,0.192667,"ER/Golgi","YLMPAGTK",584.832,2,"ER/Golgi","unknown"
"CG5554","FBgn0034914","CG5554",2,104.08,4,0.107,0.30375,0.4225,0.1665,"ER/Golgi",,,,"ER/Golgi","unknown"
"CG5562","FBgn0024234","gbb",2,94.46,1,0.057,0.144,0.641,0.158,"ER/Golgi",,,,"ER/Golgi","unknown"
"CG5581","FBgn0003022","Ote",6,326.04,9,0.0893333,0.301667,0.392111,0.217444,,,,,"ER/Golgi","unknown"
"CG5590","FBgn0039537","CG5590",2,95.1,2,0.247,0.066,0.1705,0.516,,,,,"Phenotype 3","unknown"
"CG5594","FBgn0025698","CG5594",3,111.61,2,0.296,0.303,0.273,0.127,"PM",,,,"PM","unknown"
"CG5605","FBgn0036974","eRF1",3,165.54,4,0.2535,0.15225,0.1835,0.41125,,,,,"unknown","unknown"
"CG5625","FBgn0034708","CG5625",2,85.56,1,0.359,0.214,0.242,0.185,"PM",,,,"PM","unknown"
"CG5642","FBgn0036258","CG5642",1,51.75,1,0.359,0.268,0.124,0.249,,"NLVWSK",517.842,2,"PM","unknown"
"CG5651","FBgn0035946","CG5651",2,73.11,1,0.301,0.119,0.167,0.413,,,,,"Phenotype 7","unknown"
"CG5654","FBgn0022959","yps",2,74.28,1,0.213,0.097,0.113,0.577,,,,,"Phenotype 3","unknown"
"CG5670","FBgn0002921","Atpalpha",15,746.43,22,0.303571,0.281434,0.277183,0.137949,"PM",,,,"PM","PM"
"CG5703","FBgn0030853","CG5703",2,93.84,2,0.288,0.0605,0.1065,0.5445,"mitochondrion",,,,"mitochondrion","unknown"
"CG5722","FBgn0024320","NPC1",1,59.74,1,0.199,0.163,0.315,0.324,,"NVELAGNILDR",679.395,2,"Phenotype 1","Lysosome"
"CG5741","FBgn0035937","CG5741",2,87.24,1,0.131,0.337,0.357,0.175,"ER/Golgi",,,,"ER/Golgi","unknown"
"CG5760","FBgn0028468","rtet",1,54.06,1,0.116,0.153,0.553,0.178,"ER/Golgi","GSVLGIFR",496.826,2,"ER/Golgi","unknown"
"CG5771","FBgn0015790","Rab11",5,241.93,7,0.353857,0.320571,0.18,0.145714,"PM",,,,"PM","unknown"
"CG5789","FBgn0039207","CG5789",2,86.65,2,0.414,0.291,0.1735,0.1215,"PM",,,,"PM","unknown"
"CG5802","FBgn0038863","CG5802",1,44.19,1,0.063,0.3,0.475,0.162,"ER/Golgi","WVPYPTAVVGK",752.945,2,"ER/Golgi","unknown"
"CG5803","FBgn0000636","Fas3",5,202.69,6,0.280636,0.271273,0.299364,0.148727,"PM",,,,"PM","PM"
"CG5809","FBgn0025678","CaBP1",5,256.4,12,0.0905833,0.2795,0.494083,0.136167,"ER/Golgi",,,,"ER/Golgi","unknown"
"CG5820","FBgn0013272","Gp150",2,99.8,3,0.188,0.372333,0.320333,0.119333,"PM",,,,"PM","unknown"
"CG5826","FBgn0038519","Prx5037",3,144.15,5,0.2978,0.085,0.0694,0.5478,"mitochondrion",,,,"mitochondrion","mitochondrion"
"CG5837","FBgn0011771","Hem",4,167.83,4,0.40275,0.20375,0.20575,0.188,,,,,"PM","unknown"
"CG5857","FBgn0039125","CG5857",4,213.88,4,0.1195,0.2705,0.4285,0.1815,"ER/Golgi",,,,"ER/Golgi","unknown"
"CG5862","FBgn0038868","CG5862",3,138.27,5,0.089,0.1976,0.5566,0.1568,"ER/Golgi",,,,"ER/Golgi","unknown"
"CG5864","FBgn0039132","AP-1sigma",1,43.55,1,0.213,0.393,0.185,0.209,,"ELVTTILAR",580.356,2,"PM","unknown"
"CG5870","FBgn0003471","beta-Spec",15,619.95,16,0.250313,0.275562,0.303375,0.170625,"PM",,,,"PM","unknown"
"CG5876","FBgn0028375","heix",1,75.28,3,0.0976667,0.298667,0.450333,0.153667,"ER/Golgi","AAGADAGVALTGR",637.345,2,"ER/Golgi","unknown"
"CG5915","FBgn0015795","Rab7",3,139.28,5,0.2288,0.3646,0.2756,0.1308,"PM",,,,"PM","unknown"
"CG5920","FBgn0004867","sop",4,200.24,3,0.246667,0.152667,0.131333,0.469333,,,,,"Phenotype 3","Ribosome 40S"
"CG5946","FBgn0036211","CG5946",2,80.15,2,0.083,0.202,0.562,0.1535,"ER/Golgi",,,,"ER/Golgi","unknown"
"CG5972","FBgn0031781","Arc-p20",2,75.61,2,0.343,0.1595,0.2555,0.243,,,,,"unknown","unknown"
"CG5992","FBgn0036752","Adgf-A",2,82.4,2,0.23,0.264,0.242,0.2635,,,,,"unknown","unknown"
"CG6017","FBgn0036555","CG6017",1,49.73,1,0.092,0.487,0.246,0.175,,"YFLEK",494.323,2,"unknown","unknown"
"CG6030","FBgn0016120","ATPsyn-d",3,124.7,3,0.379333,0.0653333,0.0813333,0.474667,"mitochondrion",,,,"mitochondrion","mitochondrion"
"CG6038","FBgn0036198","CG6038",1,49.33,2,0.325,0.2705,0.262,0.1425,"PM","DCLSALSFR",601.328,2,"PM","unknown"
"CG6045","FBgn0038349","CG6045",1,46.63,1,0.186,0.183,0.279,0.352,,"DIPIDFR",510.314,2,"Phenotype 1","unknown"
"CG6050","FBgn0024556","EfTuM",1,45.66,2,0.284,0.118,0.0965,0.5015,"mitochondrion","GSALCALEDK",670.839,2,"mitochondrion","unknown"
"CG6058","FBgn0000064","Ald",3,113.89,2,0.505,0.153,0.1775,0.164,,,,,"unknown","unknown"
"CG6084","FBgn0036182","CG6084",2,73.07,2,0.4645,0.2115,0.2065,0.118,"PM",,,,"PM","unknown"
"CG6120","FBgn0027865","Tsp96F",1,54.41,2,0.321,0.3055,0.2495,0.1235,"PM","TVTFDTLQK",670.887,2,"PM","unknown"
"CG6141","FBgn0015756","RpL9",2,86.98,2,0.178,0.2195,0.226,0.377,,,,,"unknown","unknown"
"CG6143","FBgn0004401","Pep",2,68.63,1,0.09,0.059,0.108,0.743,,,,,"Phenotype 4","Nucleus"
"CG6155","FBgn0014877","Roe1",2,83.37,1,0.283,0.104,0.087,0.526,"mitochondrion",,,,"mitochondrion","unknown"
"CG6163","FBgn0036155","CG6163",1,42.53,1,0.261,0.068,0.316,0.354,,"IIDAIK",480.848,2,"Phenotype 8","unknown"
"CG6178","FBgn0039156","CG6178",2,79.13,2,0.1255,0.0875,0.349,0.438,,,,,"Phenotype 1","unknown"
"CG6181","FBgn0032340","CG6181",2,76.95,2,0.211,0.127,0.1235,0.5385,,,,,"Phenotype 3","unknown"
"CG6186","FBgn0022355","Tsf1",5,229.94,5,0.3808,0.3246,0.1454,0.1488,"PM",,,,"PM","unknown"
"CG6199","FBgn0036147","CG6199",5,199.6,5,0.1384,0.3826,0.3652,0.1138,,,,,"ER/Golgi","unknown"
"CG6202","FBgn0019925","Surf4",1,57.1,1,0.092,0.238,0.519,0.151,"ER/Golgi","TEDVAEQVIK",710.383,2,"ER/Golgi","ER"
"CG6203","FBgn0028734","Fmr1",5,254.63,5,0.2236,0.1188,0.1244,0.5336,,,,,"Phenotype 3","unknown"
"CG6206","FBgn0027611","CG6206",4,182.61,4,0.158,0.197,0.278,0.367,,,,,"Phenotype 1","Lysosome"
"CG6210","FBgn0036141","srt",3,123.41,3,0.131,0.243667,0.46,0.165333,"ER/Golgi",,,,"ER/Golgi","unknown"
"CG6214","FBgn0032456","MRP",6,275.59,8,0.29,0.250625,0.2915,0.168,"PM",,,,"PM","unknown"
"CG6226","FBgn0013269","FK506-bp1",3,152.44,4,0.198,0.2105,0.23725,0.3545,,,,,"unknown","unknown"
"CG6230","FBgn0027582","CG6230",10,440.02,11,0.103364,0.255182,0.478273,0.163,"ER/Golgi",,,,"ER/Golgi","unknown"
"CG6253","FBgn0017579","RpL14",3,175.7,10,0.142,0.2195,0.2908,0.3475,,,,,"Phenotype 1","Ribosome 60S"
"CG6287","FBgn0032350","CG6287",3,137.62,4,0.5545,0.17925,0.134,0.1325,"PM",,,,"PM","unknown"
"CG6311","FBgn0036735","CG6311",1,53.39,1,0.218,0.141,0.107,0.534,,"GASDLAITLLGGAR",729.937,2,"Phenotype 3","unknown"
"CG6341","FBgn0028737","Ef1beta",3,152.24,5,0.4546,0.2018,0.1852,0.1582,"PM",,,,"PM","unknown"
"CG6343","FBgn0019957","ND42",1,46.95,1,0.395,0.079,0.057,0.469,"mitochondrion","FDVPELVR",559.816,2,"mitochondrion","mitochondrion"
"CG6370","FBgn0034277","CG6370",5,250.09,7,0.0722857,0.213429,0.584143,0.129857,"ER/Golgi",,,,"ER/Golgi","ER"
"CG6394","FBgn0030930","GalNAc-T2",2,101.26,3,0.075,0.425,0.339667,0.16,"ER/Golgi",,,,"ER/Golgi","Golgi"
"CG6412","FBgn0032646","CG6412",1,45.77,2,0.282,0.0865,0.1165,0.515,"mitochondrion","YGAIVAYR",528.828,2,"mitochondrion","unknown"
"CG6450","FBgn0029688","lva",2,73.27,2,0.136,0.2505,0.2595,0.354,,,,,"Phenotype 1","unknown"
"CG6453","FBgn0032643","CG6453",7,316.03,8,0.093875,0.27075,0.486,0.149,"ER/Golgi",,,,"ER/Golgi","unknown"
"CG6455","FBgn0019960","CG6455",4,188.99,3,0.366,0.07975,0.09175,0.46275,"mitochondrion",,,,"mitochondrion","unknown"
"CG6459","FBgn0034259","CG6459",3,155.65,4,0.321,0.08575,0.088,0.5055,"mitochondrion",,,,"mitochondrion","unknown"
"CG6479","FBgn0036710","CG6479",1,48.88,1,0.097,0.289,0.441,0.173,"ER/Golgi","LSQYVANLR",604.378,2,"ER/Golgi","unknown"
"CG6510","FBgn0010409","RpL18A",5,237.31,11,0.163364,0.2,0.265091,0.371273,,,,,"Phenotype 1","Ribosome 60S"
"CG6512","FBgn0036702","CG6512",3,119.83,3,0.34,0.091,0.117,0.452,"mitochondrion",,,,"mitochondrion","unknown"
"CG6543","FBgn0033879","CG6543",5,247.55,10,0.3061,0.149,0.1075,0.4375,"mitochondrion",,,,"mitochondrion","unknown"
"CG6550","FBgn0034214","CG6550",1,47.77,1,0.104,0.214,0.503,0.179,"ER/Golgi","SYEQVLLPMR",690.37,2,"ER/Golgi","unknown"
"CG6588","FBgn0000634","Fas1",7,289.17,9,0.348,0.302556,0.219444,0.130222,"PM",,,,"PM","PM"
"CG6601","FBgn0015797","Rab6",3,155.5,2,0.171,0.5335,0.1835,0.112,"PM",,,,"PM","unknown"
"CG6603","FBgn0026418","Hsc70Cb",1,72.94,1,0.473,0.24,0.172,0.115,"PM","LAVAEFR",475.283,2,"PM","unknown"
"CG6647","FBgn0004363","porin",6,283.08,13,0.308692,0.108462,0.131538,0.451462,"mitochondrion",,,,"mitochondrion","unknown"
"CG6668","FBgn0039213","atl",4,206.87,6,0.0915,0.307833,0.473833,0.1265,"ER/Golgi",,,,"ER/Golgi","unknown"
"CG6750","FBgn0032292","CG6750",1,45.23,1,0.088,0.351,0.455,0.106,"ER/Golgi","YLSAQSFSMR",667.334,2,"ER/Golgi","unknown"
"CG6766","FBgn0032398","CG6766",1,42.74,1,0.072,0.155,0.595,0.178,"ER/Golgi","ATENLWPK",623.888,2,"ER/Golgi","unknown"
"CG6778","FBgn0027088","Aats-gly",1,64.26,1,0.515,0.17,0.123,0.192,,"SLQLLK",495.331,2,"unknown","unknown"
"CG6779","FBgn0002622","RpS3",6,293.86,8,0.2105,0.143875,0.14875,0.497125,,,,,"Phenotype 3","Ribosome 40S"
"CG6782","FBgn0037912","CG6782",3,115.22,4,0.560111,0.190556,0.143889,0.105444,,,,,"unknown","unknown"
"CG6815","FBgn0040237","bor",1,47.2,1,0.314,0.092,0.108,0.486,"mitochondrion","AALNAFLYR",591.872,2,"mitochondrion","unknown"
"CG6819","FBgn0026207","mbo",2,76.47,1,0.121,0.108,0.14,0.631,,,,,"Phenotype 4","Nucleus"
"CG6822","FBgn0035909","ergic53",6,294.03,10,0.0773,0.3105,0.4472,0.165,"ER/Golgi",,,,"ER/Golgi","unknown"
"CG6827","FBgn0013997","Nrx-IV",5,197.55,5,0.231444,0.270556,0.328444,0.169556,"PM",,,,"PM","unknown"
"CG6831","FBgn0020254","rhea",9,395.72,9,0.387444,0.180444,0.201444,0.230556,,,,,"unknown","unknown"
"CG6846","FBgn0036825","RpL26",4,176.2,6,0.14,0.2065,0.285833,0.367667,,,,,"Phenotype 1","Ribosome 60S"
"CG6850","FBgn0014075","Ugt",12,554.44,17,0.0861765,0.296941,0.468059,0.148647,"ER/Golgi",,,,"ER/Golgi","ER"
"CG6859","FBgn0036484","CG6859",1,43.26,1,0.051,0.025,0.342,0.582,,"LQDFLSR",511.791,2,"Phenotype 6","Peroxisome"
"CG6871","FBgn0000261","Cat",2,75.57,1,0.109,0.049,0.299,0.542,,,,,"Phenotype 6","Peroxisome"
"CG6944","FBgn0002525","Lam",10,482.28,10,0.074,0.0993,0.3545,0.4721,,,,,"Phenotype 1","unknown"
"CG6958","FBgn0039004","CG6958",1,43.15,1,0.078,0.153,0.085,0.684,,"TIVDELLR",551.861,2,"Phenotype 4","unknown"
"CG6963","FBgn0011253","gish",1,42.93,1,0.349,0.109,0.307,0.235,,"IGCGNFGELR",628.34,2,"unknown","unknown"
"CG6965","FBgn0037960","mthl5",1,42.68,1,0.379,0.271,0.262,0.089,,"LVLLDDGR",522.836,2,"PM","unknown"
"CG6987","FBgn0040284","SF2",1,47.13,2,0.084,0.102,0.204,0.61,,"IYVGNLPPDIR",700.903,2,"unknown","unknown"
"CG6988","FBgn0014002","Pdi",17,883.11,65,0.0867172,0.264253,0.500879,0.148152,"ER/Golgi",,,,"ER/Golgi","ER"
"CG7008","FBgn0035121","Tudor-SN",8,415.69,10,0.1223,0.0888,0.1129,0.6763,,,,,"Phenotype 4","unknown"
"CG7010","FBgn0028325","l(1)G0334",2,95.26,3,0.307667,0.0756667,0.0746667,0.541333,"mitochondrion",,,,"mitochondrion","unknown"
"CG7012","FBgn0039234","nct",2,95.76,3,0.323333,0.247,0.256,0.173667,"PM",,,,"PM","unknown"
"CG7013","FBgn0027095","ARP-like",3,127.37,6,0.0758333,0.240167,0.544,0.14,"ER/Golgi",,,,"ER/Golgi","unknown"
"CG7014","FBgn0038277","RpS5b",3,121.39,3,0.241333,0.168,0.16,0.431,,,,,"unknown","unknown"
"CG7033","FBgn0030086","CG7033",4,172.29,3,0.416667,0.241333,0.157667,0.184,,,,,"PM","unknown"
"CG7070","FBgn0003178","PyK",3,129.79,7,0.365714,0.170714,0.168286,0.295143,,,,,"Phenotype 2","unknown"
"CG7073","FBgn0038947","sar1",2,122.38,5,0.163087,0.372043,0.263652,0.201217,,,,,"PM","unknown"
"CG7088","FBgn0001090","bnb",8,408.27,8,0.259,0.38025,0.25175,0.108875,"PM",,,,"PM","unknown"
"CG7100","FBgn0015609","CadN",3,116.14,4,0.1955,0.31525,0.3525,0.13675,"PM",,,,"PM","unknown"
"CG7111","FBgn0020618","Rack1",5,199.59,7,0.207714,0.210286,0.258429,0.323286,,,,,"unknown","unknown"
"CG7113","FBgn0021765","scu",5,268.08,6,0.285833,0.0681667,0.0861667,0.560167,"mitochondrion",,,,"mitochondrion","unknown"
"CG7123","FBgn0002527","LanB1",4,184.22,5,0.1314,0.2322,0.4436,0.193,"ER/Golgi",,,,"ER/Golgi","unknown"
"CG7176","FBgn0001248","Idh",1,42.37,2,0.3625,0.175,0.1165,0.346,,"NILGGTVFR",560.864,2,"Phenotype 2","unknown"
"CG7225","FBgn0004003","wbl",4,155.2,5,0.0448,0.302,0.5254,0.1278,"ER/Golgi",,,,"ER/Golgi","ER"
"CG7266","FBgn0000565","Eip71CD",1,46.67,1,0.106,0.344,0.434,0.116,"ER/Golgi","DLASSLNLSPK",716.912,2,"ER/Golgi","unknown"
"CG7283","FBgn0036213","RpL10Ab",4,184.53,8,0.167462,0.200769,0.27,0.361769,,,,,"Phenotype 1","Ribosome 60S"
"CG7289","FBgn0031379","CG7289",1,67.71,1,0.161,0.397,0.298,0.144,,"IGGISETIEQQATQAMAK",722.097,3,"unknown","unknown"
"CG7340","FBgn0040493","granny-smith",2,104.53,2,0.441,0.1885,0.143,0.2275,,,,,"unknown","unknown"
"CG7359","FBgn0025617","CG7359",5,209.14,6,0.103667,0.317,0.424167,0.155167,"ER/Golgi",,,,"ER/Golgi","unknown"
"CG7360","FBgn0038722","Nup58",3,123.56,4,0.074,0.3905,0.1595,0.376,,,,,"unknown","unknown"
"CG7364","FBgn0028541","CG7364",2,77.75,2,0.076,0.537,0.2645,0.1225,"ER/Golgi",,,,"ER/Golgi","unknown"
"CG7400","FBgn0021953","Fatp",3,124.22,3,0.0956667,0.336333,0.427333,0.140667,"ER/Golgi",,,,"ER/Golgi","unknown"
"CG7415","FBgn0037580","DppIII",2,70.38,1,0.358,0.163,0.167,0.312,,,,,"Phenotype 2","unknown"
"CG7430","FBgn0036762","CG7430",1,52.69,1,0.265,0.09,0.17,0.474,,"EANVAAAFGKPINF",868.982,2,"Phenotype 3","unknown"
"CG7433","FBgn0036927","CG7433",3,159.99,3,0.306333,0.116,0.103333,0.473667,"mitochondrion",,,,"mitochondrion","unknown"
"CG7434","FBgn0015288","RpL22",2,106.82,3,0.142667,0.169,0.270667,0.417667,,,,,"Phenotype 1","Ribosome 60S"
"CG7436","FBgn0020392","Nmt",4,190.95,5,0.2008,0.1242,0.182,0.4936,,,,,"Phenotype 3","unknown"
"CG7437","FBgn0014362","mub",1,49.06,1,0.146,0.125,0.165,0.564,,"EVGSIIGK",545.846,2,"Phenotype 4","Nucleus"
"CG7438","FBgn0011673","Myo31DF",1,49.55,1,0.334,0.261,0.251,0.154,"PM","YLGLLENLR",617.9,2,"PM","unknown"
"CG7461","FBgn0034432","CG7461",3,112.86,2,0.3385,0.0765,0.0825,0.5025,"mitochondrion",,,,"mitochondrion","unknown"
"CG7462","FBgn0017645","Ank2",3,126.92,4,0.301,0.374714,0.212714,0.111571,"PM",,,,"PM","unknown"
"CG7483","FBgn0037573","eIF4AIII",2,80.99,1,0.1,0.078,0.111,0.711,,,,,"Phenotype 4","unknown"
"CG7484","FBgn0036745","CG7484",4,150.26,4,0.0805,0.3745,0.42525,0.12,"ER/Golgi",,,,"ER/Golgi","unknown"
"CG7490","FBgn0000100","RpLP0",6,337.9,12,0.220917,0.276833,0.2335,0.268917,,,,,"unknown","unknown"
"CG7507","FBgn0010349","Dhc64C",11,444.28,9,0.249933,0.109667,0.169,0.471733,,,,,"Phenotype 3","unknown"
"CG7523","FBgn0038533","CG7523",3,126.14,3,0.183667,0.204333,0.278667,0.333333,,,,,"Phenotype 1","unknown"
"CG7524","FBgn0003501","Src64B",4,193.5,3,0.386333,0.272,0.181667,0.16,"PM",,,,"PM","unknown"
"CG7546","FBgn0035793","CG7546",2,90.97,2,0.289,0.2145,0.161,0.3355,,,,,"unknown","unknown"
"CG7556","FBgn0030990","CG7556",2,98.81,2,0.0775,0.282,0.456,0.1835,"ER/Golgi",,,,"ER/Golgi","unknown"
"CG7563","FBgn0012051","CalpA",2,70.47,2,0.358,0.318333,0.158,0.164667,,,,,"PM","unknown"
"CG7580","FBgn0036728","CG7580",1,51.61,1,0.318,0.063,0.073,0.546,"mitochondrion","LSPFEQR",510.792,2,"mitochondrion","unknown"
"CG7583","FBgn0020496","CtBP",1,51.91,1,0.09,0.378,0.294,0.239,,"IGSAVALR",465.79,2,"ER/Golgi","unknown"
"CG7586","FBgn0020240","Mcr",12,547.57,15,0.2346,0.2662,0.325,0.174267,"PM",,,,"PM","unknown"
"CG7619","FBgn0015283","Pros54",1,45.47,1,0.362,0.208,0.147,0.282,,"GEINLLTGIR",615.396,2,"unknown","unknown"
"CG7622","FBgn0002579","RpL36",1,42.14,2,0.143,0.195,0.263,0.3985,,"YELAIGLNK",654.896,2,"Phenotype 1","Ribosome 60S"
"CG7627","FBgn0032026","CG7627",6,264.86,7,0.380714,0.304857,0.184429,0.130429,"PM",,,,"PM","unknown"
"CG7654","FBgn0036928","Tom20",1,58.69,1,0.291,0.143,0.135,0.431,"mitochondrion","AAEGNDGPIVLGQSSEQQLDGAK",858.156,3,"mitochondrion","mitochondrion"
"CG7660","FBgn0038538","pxt",4,171.08,5,0.2942,0.3456,0.2182,0.1424,"PM",,,,"PM","unknown"
"CG7675","FBgn0038610","CG7675",2,94.83,2,0.2045,0.1545,0.2155,0.425,,,,,"Phenotype 8","unknown"
"CG7700","FBgn0044871","Gos28",1,42.91,1,0.097,0.507,0.208,0.188,,"EILQGYR",511.792,2,"unknown","unknown"
"CG7726","FBgn0013325","RpL11",3,120.21,4,0.15825,0.15875,0.25025,0.43275,,,,,"unknown","unknown"
"CG7739","FBgn0036509","CG7739",1,45.37,1,0.257,0.237,0.25,0.256,,"VFADIK",490.83,2,"Phenotype 5","unknown"
"CG7740","FBgn0026189","prominin-like",1,59.93,1,0.063,0.274,0.506,0.156,"ER/Golgi","GEVAATVEPLAAVK",822.026,2,"ER/Golgi","unknown"
"CG7762","FBgn0028695","Rpn1",2,83.6,1,0.411,0.157,0.118,0.314,,,,,"Phenotype 2","Proteasome"
"CG7765","FBgn0001308","Khc",3,122.72,3,0.352333,0.158667,0.197,0.291667,,,,,"Phenotype 2","unknown"
"CG7802","FBgn0039704","CG7802",1,50.22,1,0.099,0.139,0.459,0.304,,"FEIVDEQSPYEIFIR",1015.03,2,"unknown","unknown"
"CG7808","FBgn0039713","RpS8",4,220.44,7,0.228143,0.142286,0.139,0.490571,,,,,"Phenotype 3","Ribosome 40S"
"CG7830","FBgn0032015","CG7830",3,144.6,6,0.0695,0.270833,0.5155,0.144,"ER/Golgi",,,,"ER/Golgi","unknown"
"CG7834","FBgn0039697","CG7834",6,251.96,5,0.2762,0.0914,0.0914,0.5416,,,,,"mitochondrion","unknown"
"CG7870","FBgn0032012","CG7870",2,78.26,2,0.113,0.2805,0.4805,0.126,"ER/Golgi",,,,"ER/Golgi","unknown"
"CG7872","FBgn0030658","CG7872",1,42.77,1,0.113,0.318,0.431,0.137,"ER/Golgi","YFATVPK",557.339,2,"ER/Golgi","unknown"
"CG7873","FBgn0004603","Src42A",4,155.18,5,0.3718,0.2586,0.24,0.1298,"PM",,,,"PM","unknown"
"CG7897","FBgn0033039","gp210",14,646.61,16,0.109063,0.277562,0.39325,0.219875,,,,,"ER/Golgi","unknown"
"CG7913","FBgn0042693","PP2A-B'",1,43.07,1,0.365,0.223,0.243,0.169,"PM","VLNITGTPIVR",663.898,2,"PM","unknown"
"CG7917","FBgn0016685","Nlp",2,83.96,3,0.251,0.279667,0.235333,0.233667,,,,,"PM","unknown"
"CG7920","FBgn0039737","CG7920",5,216.9,4,0.309,0.098,0.09925,0.49375,"mitochondrion",,,,"mitochondrion","unknown"
"CG7939","FBgn0002626","RpL32",2,83.41,4,0.1425,0.1955,0.2675,0.3945,,,,,"Phenotype 1","Ribosome 60S"
"CG7961","FBgn0025725","alphaCop",3,142.22,3,0.145333,0.091,0.136333,0.627,,,,,"Phenotype 4","unknown"
"CG7962","FBgn0010350","CdsA",1,48.64,2,0.11,0.289,0.451,0.151,"ER/Golgi","FVDELAK",555.332,2,"ER/Golgi","ER"
"CG7977","FBgn0026372","RpL23A",3,149.68,8,0.098125,0.179375,0.329875,0.392375,,,,,"Phenotype 1","Ribosome 60S"
"CG7997","FBgn0034117","CG7997",2,75.63,1,0.241,0.234,0.19,0.334,,,,,"Phenotype 5","unknown"
"CG7998","FBgn0038587","CG7998",7,404.83,11,0.351545,0.0726364,0.0794545,0.496636,"mitochondrion",,,,"mitochondrion","unknown"
"CG8014","FBgn0015477","Rme-8",4,155.25,4,0.38475,0.324,0.1425,0.14875,"PM",,,,"PM","unknown"
"CG8036","FBgn0037607","CG8036",2,92.07,2,0.442,0.1895,0.1715,0.1975,,,,,"unknown","unknown"
"CG8042","FBgn0027554","CG8042",4,178.05,5,0.114875,0.269375,0.438125,0.176875,"ER/Golgi",,,,"ER/Golgi","unknown"
"CG8048","FBgn0020611","Vha44",2,96.58,4,0.30125,0.286,0.197,0.2155,,,,,"PM","unknown"
"CG8058","FBgn0033382","CG8058",1,48.09,1,0.135,0.305,0.4,0.16,"ER/Golgi","AQTVLASLLR",608.414,2,"ER/Golgi","unknown"
"CG8062","FBgn0028469","CG8062",1,48.55,1,0.302,0.327,0.212,0.159,"PM","LSLTSESAGGAR",646.89,2,"PM","unknown"
"CG8095","FBgn0003328","scb",2,76.71,2,0.2865,0.3215,0.2555,0.137,"PM",,,,"PM","PM"
"CG8135","FBgn0037689","CG8135",1,47.63,1,0.223,0.413,0.182,0.183,,"TDQVLGSDYLSK",807.432,2,"PM","unknown"
"CG8189","FBgn0019644","ATPsyn-b",3,155.52,4,0.32325,0.0935,0.093,0.49025,"mitochondrion",,,,"mitochondrion","mitochondrion"
"CG8200","FBgn0024754","Flo",4,178.58,4,0.306,0.30325,0.24425,0.14675,"PM",,,,"PM","PM"
"CG8201","FBgn0026193","par-1",1,52.55,1,0.351,0.205,0.204,0.241,,"ASLETIMGDK",676.862,2,"unknown","unknown"
"CG8228","FBgn0037711","CG8228",4,146.65,3,0.132,0.563,0.206,0.099,,,,,"unknown","unknown"
"CG8231","FBgn0027329","l(1)G0022",7,341.9,9,0.355667,0.151444,0.136778,0.356111,,,,,"Phenotype 2","unknown"
"CG8258","FBgn0033342","CG8258",5,211.81,5,0.543,0.2206,0.1136,0.1228,"PM",,,,"PM","unknown"
"CG8261","FBgn0004921","Ggamma1",1,52.32,2,0.369,0.4185,0.1405,0.0715,"PM","VVVEQLR",493.835,2,"PM","unknown"
"CG8280","FBgn0000556","Ef1alpha48D",6,312.09,19,0.258789,0.129474,0.167737,0.443895,,,,,"Phenotype 3","unknown"
"CG8286","FBgn0037718","P58IPK",2,98.65,3,0.0916667,0.285333,0.486333,0.136667,"ER/Golgi",,,,"ER/Golgi","unknown"
"CG8289","FBgn0030854","CG8289",1,43.27,1,0.061,0.08,0.147,0.712,,"NLACDALIEK",712.376,2,"Phenotype 4","Nucleus"
"CG8306","FBgn0034142","CG8306",2,92.06,2,0.0585,0.283,0.514,0.1445,"ER/Golgi",,,,"ER/Golgi","unknown"
"CG8308","FBgn0004236","alphaTub67C",2,94.04,2,0.4965,0.1325,0.221,0.15,"PM",,,,"PM","unknown"
"CG8309","FBgn0033902","Tango7",3,133.31,3,0.233667,0.095,0.173,0.498333,,,,,"Phenotype 3","unknown"
"CG8322","FBgn0020236","ATPCL",4,180.84,4,0.278,0.1535,0.18775,0.3805,,,,,"Phenotype 7","unknown"
"CG8331","FBgn0033906","CG8331",2,85.32,3,0.103,0.309667,0.432,0.155333,"ER/Golgi",,,,"ER/Golgi","unknown"
"CG8340","FBgn0010339","128up",2,86.5,1,0.188,0.126,0.152,0.533,,,,,"Phenotype 3","unknown"
"CG8351","FBgn0037632","CG8351",4,210.26,6,0.346833,0.265,0.159833,0.228333,,,,,"PM","unknown"
"CG8355","FBgn0003425","sli",1,43.22,1,0.192,0.348,0.325,0.135,"PM","ISSDGLFGR",548.302,2,"PM","unknown"
"CG8370","FBgn0034060","CG8370",3,125.71,3,0.0876667,0.276333,0.469667,0.166667,"ER/Golgi",,,,"ER/Golgi","unknown"
"CG8385","FBgn0010348","Arf79F",1,44.13,1,0.506,0.137,0.227,0.13,"PM","MLAEDELR",560.823,2,"PM","unknown"
"CG8397","FBgn0034066","CG8397",1,42.95,1,0.085,0.321,0.459,0.136,"ER/Golgi","EIDNLQFPK",696.39,2,"ER/Golgi","unknown"
"CG8416","FBgn0014020","Rho1",3,147.38,4,0.35775,0.284,0.24075,0.11725,"PM",,,,"PM","unknown"
"CG8427","FBgn0023167","SmD3",1,44.44,1,0.092,0.081,0.134,0.692,,"TANLENVYIR",668.907,2,"Phenotype 4","Nucleus"
"CG8439","FBgn0010621","Cct5",2,77.29,3,0.459667,0.176667,0.142,0.222333,,,,,"unknown","unknown"
"CG8443","FBgn0034087","CG8443",3,112.42,3,0.209667,0.115333,0.165,0.510333,,,,,"Phenotype 3","unknown"
"CG8460","FBgn0031996","CG8460",3,118.48,2,0.089,0.21,0.583,0.1185,"ER/Golgi",,,,"ER/Golgi","unknown"
"CG8465","FBgn0028343","l(1)G0222",4,186.33,5,0.1094,0.2854,0.4512,0.154,"ER/Golgi",,,,"ER/Golgi","unknown"
"CG8479","FBgn0033914","CG8479",2,82.3,2,0.2965,0.109,0.0925,0.502,"mitochondrion",,,,"mitochondrion","unknown"
"CG8486","FBgn0031993","CG8486",3,176.09,4,0.2725,0.302,0.28125,0.14475,"PM",,,,"PM","unknown"
"CG8507","FBgn0037756","CG8507",4,185.59,6,0.0941667,0.299667,0.472833,0.133667,"ER/Golgi",,,,"ER/Golgi","unknown"
"CG8542","FBgn0001220","Hsc70-5",5,253.13,6,0.320833,0.0725,0.0728333,0.534,"mitochondrion",,,,"mitochondrion","unknown"
"CG8581","FBgn0011592","fra",2,83.16,3,0.299667,0.349667,0.223,0.128,"PM",,,,"PM","PM"
"CG8583","FBgn0035771","sec63",5,223.69,8,0.10075,0.274875,0.498125,0.125875,"ER/Golgi",,,,"ER/Golgi","unknown"
"CG8597","FBgn0011640","lark",1,50.02,1,0.091,0.078,0.148,0.684,,"LFIGNLDEK",668.895,2,"Phenotype 4","unknown"
"CG8605","FBgn0035762","CG8605",1,42.53,1,0.261,0.068,0.316,0.354,,"LLDAIK",480.848,2,"Phenotype 8","unknown"
"CG8615","FBgn0035753","RpL18",2,108.56,4,0.12725,0.2105,0.274,0.38825,,,,,"Phenotype 1","Ribosome 60S"
"CG8635","FBgn0033317","CG8635",3,164.02,3,0.163667,0.123,0.164,0.549,,,,,"Phenotype 3","unknown"
"CG8705","FBgn0013726","pnut",2,69.96,2,0.3605,0.173,0.1715,0.295,,,,,"Phenotype 2","unknown"
"CG8715","FBgn0020279","lig",3,144.32,2,0.115,0.1895,0.1035,0.592,,,,,"unknown","unknown"
"CG8728","FBgn0033235","CG8728",3,114.82,2,0.326,0.126,0.0935,0.4545,"mitochondrion",,,,"mitochondrion","unknown"
"CG8732","FBgn0010609","l(2)44DEa",9,419.07,11,0.146182,0.351273,0.380545,0.122182,,,,,"ER/Golgi","unknown"
"CG8735","FBgn0033309","CG8735",3,131.62,3,0.122667,0.288333,0.462,0.126667,"ER/Golgi",,,,"ER/Golgi","unknown"
"CG8759","FBgn0017565","Nacalpha",1,50.56,2,0.2545,0.1815,0.1575,0.4065,,"NILFVINNPDVYK",613.05,3,"unknown","unknown"
"CG8804","FBgn0016078","wun",1,43.65,1,0.178,0.34,0.313,0.169,"PM","YIQEFTCK",683.346,2,"PM","PM"
"CG8839","FBgn0033717","CG8839",3,154.06,5,0.112,0.297,0.4388,0.1524,"ER/Golgi",,,,"ER/Golgi","unknown"
"CG8857","FBgn0033699","RpS11",2,82.39,3,0.154667,0.132667,0.186,0.526667,,,,,"unknown","unknown"
"CG8863","FBgn0038145","CG8863",1,43.04,2,0.313,0.178,0.1555,0.3535,,"CIAEEGMPIFK",786.423,2,"Phenotype 7","unknown"
"CG8877","FBgn0033688","prp8",2,82.29,2,0.105,0.0825,0.119,0.694,,,,,"Phenotype 4","Nucleus"
"CG8882","FBgn0015834","Trip1",2,94.04,3,0.272667,0.125333,0.116333,0.485667,,,,,"mitochondrion","unknown"
"CG8893","FBgn0001092","Gapdh2",5,232.52,1,0.386,0.219,0.183,0.212,,,,,"PM","unknown"
"CG8900","FBgn0010411","RpS18",4,171.17,6,0.219833,0.116667,0.132667,0.530667,,,,,"Phenotype 3","Ribosome 40S"
"CG8947","FBgn0028967","26-29-p",3,151.73,6,0.140333,0.105333,0.275333,0.479333,,,,,"Phenotype 6","unknown"
"CG8967","FBgn0004839","otk",7,316.06,7,0.309286,0.307143,0.234143,0.149714,"PM",,,,"PM","PM"
"CG8977","FBgn0015019","Cctgamma",5,221.6,4,0.34175,0.189,0.16,0.309,,,,,"Phenotype 2","unknown"
"CG8983","FBgn0033663","ERp60",13,672.35,42,0.0941622,0.263189,0.489811,0.153,"ER/Golgi",,,,"ER/Golgi","ER"
"CG8996","FBgn0010516","wal",2,88.16,3,0.266333,0.211667,0.176333,0.345333,,,,,"unknown","unknown"
"CG9000","FBgn0034176","CG9000",2,104.09,6,0.1295,0.1875,0.505167,0.178,"ER/Golgi",,,,"ER/Golgi","unknown"
"CG9012","FBgn0000319","Chc",11,466.38,12,0.279667,0.225583,0.22575,0.269167,,,,,"Phenotype 5","unknown"
"CG9022","FBgn0014868","Ost48",5,268.16,10,0.116,0.277,0.4616,0.1453,"ER/Golgi",,,,"ER/Golgi","ER"
"CG9027","FBgn0033631","CG9027",1,43.32,1,0.458,0.192,0.204,0.146,"PM","VQLEGLK",537.843,2,"PM","unknown"
"CG9035","FBgn0021795","Tapdelta",3,155.69,9,0.0885556,0.283222,0.478444,0.149889,"ER/Golgi",,,,"ER/Golgi","ER"
"CG9042","FBgn0001128","Gpdh",1,47.41,1,0.197,0.07,0.258,0.476,,"LGLMEMIR",553.84,2,"unknown","unknown"
"CG9066","FBgn0030703","CG9066",2,91.54,2,0.0865,0.362,0.426,0.126,"ER/Golgi",,,,"ER/Golgi","unknown"
"CG9075","FBgn0001942","eIF-4a",2,79.14,2,0.5175,0.1655,0.1485,0.1675,,,,,"unknown","unknown"
"CG9089","FBgn0030805","wus",1,60.87,1,0.049,0.348,0.467,0.136,"ER/Golgi","GTTQTVSPVAGK",717.41,2,"ER/Golgi","unknown"
"CG9091","FBgn0030616","RpL37a",1,46.84,2,0.1795,0.4215,0.1245,0.2745,,"STCAQCGYPAAK",790.354,2,"PM","unknown"
"CG9124","FBgn0022023","eIF-3p40",2,84.99,2,0.2385,0.111,0.119,0.5315,,,,,"Phenotype 3","unknown"
"CG9126","FBgn0045073","Stim",3,118,4,0.10175,0.285,0.46325,0.15,"ER/Golgi",,,,"ER/Golgi","unknown"
"CG9128","FBgn0035195","Sac1",6,275.9,7,0.120857,0.309429,0.423714,0.146,"ER/Golgi",,,,"ER/Golgi","unknown"
"CG9132","FBgn0030791","CG9132",1,45.41,1,0.291,0.212,0.296,0.201,"PM","IAPPPAAAAANTTVR",782.961,2,"PM","unknown"
"CG9138","FBgn0031879","SP1070",5,218.49,4,0.2335,0.23225,0.34425,0.19025,"PM",,,,"PM","unknown"
"CG9148","FBgn0025682","scf",4,183.53,6,0.104267,0.2308,0.509133,0.1556,"ER/Golgi",,,,"ER/Golgi","unknown"
"CG9159","FBgn0028419","Kr-h2",1,64.84,1,0.084,0.277,0.524,0.115,"ER/Golgi","VMLANAAISALR",687.393,2,"ER/Golgi","unknown"
"CG9175","FBgn0031779","CG9175",3,145.85,3,0.109333,0.382,0.396667,0.112333,"ER/Golgi",,,,"ER/Golgi","unknown"
"CG9181","FBgn0003138","Ptp61F",2,87.58,2,0.126571,0.407429,0.332286,0.134286,"ER/Golgi",,,,"ER/Golgi","unknown"
"CG9184","FBgn0035208","CG9184",2,93.44,2,0.1245,0.418,0.1995,0.258,,,,,"PM","unknown"
"CG9186","FBgn0035206","CG9186",4,168.79,3,0.121333,0.285,0.451667,0.141667,"ER/Golgi",,,,"ER/Golgi","unknown"
"CG9193","FBgn0005655","mus209",2,78.67,2,0.276,0.148,0.268,0.3075,,,,,"unknown","unknown"
"CG9195","FBgn0040285","Scamp",1,50.98,2,0.296,0.455,0.156,0.093,"PM","AQAEFTTEFLR",728.924,2,"PM","unknown"
"CG9231","FBgn0036887","CG9231",1,51.8,1,0.366,0.059,0.055,0.52,"mitochondrion","SQSEIPNFVSQDVMER",1005.51,2,"mitochondrion","unknown"
"CG9244","FBgn0010100","Acon",3,141.99,3,0.331,0.091,0.0893333,0.488333,"mitochondrion",,,,"mitochondrion","mitochondrion"
"CG9257","FBgn0032916","CG9257",3,130.13,4,0.10025,0.2545,0.5065,0.139,"ER/Golgi",,,,"ER/Golgi","unknown"
"CG9258","FBgn0015776","nrv1",2,93.05,4,0.2735,0.214,0.3035,0.2095,"PM",,,,"PM","PM"
"CG9261","FBgn0015777","nrv2",2,82.86,2,0.242,0.3005,0.3145,0.143,"PM",,,,"PM","PM"
"CG9273","FBgn0032906","CG9273",2,69.65,2,0.1,0.163,0.199,0.537,,,,,"Phenotype 8","unknown"
"CG9277","FBgn0003887","betaTub56D",6,231.06,4,0.499333,0.194667,0.150167,0.156,,,,,"unknown","unknown"
"CG9281","FBgn0030672","CG9281",5,215.96,8,0.141375,0.126375,0.16875,0.563625,,,,,"unknown","unknown"
"CG9282","FBgn0032518","RpL24",3,172.96,23,0.138957,0.211391,0.290348,0.359435,,,,,"Phenotype 1","Ribosome 60S"
"CG9285","FBgn0000454","Dip-B",1,48.15,1,0.402,0.126,0.17,0.302,,"TLMLVGK",525.34,2,"Phenotype 2","unknown"
"CG9302","FBgn0032514","CG9302",5,241.85,7,0.100714,0.201571,0.536571,0.160714,"ER/Golgi",,,,"ER/Golgi","unknown"
"CG9325","FBgn0004873","hts",2,84.29,2,0.287,0.247,0.288,0.178,"PM",,,,"PM","unknown"
"CG9326","FBgn0032885","CG9326",3,120.7,3,0.274,0.154667,0.290333,0.281333,,,,,"Phenotype 5","unknown"
"CG9327","FBgn0003150","Pros29",2,80.63,2,0.3875,0.153,0.1435,0.3155,,,,,"Phenotype 2","Proteasome"
"CG9342","FBgn0032904","Mtp",11,545.04,15,0.101667,0.3068,0.449,0.142467,"ER/Golgi",,,,"ER/Golgi","unknown"
"CG9373","FBgn0037701","CG9373",3,134.29,3,0.0693333,0.062,0.0696667,0.799333,,,,,"unknown","unknown"
"CG9375","FBgn0003205","Ras85D",2,94.09,4,0.342,0.27775,0.23525,0.145,"PM",,,,"PM","unknown"
"CG9412","FBgn0015778","rin",4,164.5,4,0.16425,0.116,0.135,0.58475,,,,,"Phenotype 4","Nucleus"
"CG9424","FBgn0037719","bocksbeutel",1,43.02,1,0.092,0.323,0.413,0.171,"ER/Golgi","QSVPVSGSNLAR",679.875,2,"ER/Golgi","unknown"
"CG9429","FBgn0005585","Crc",3,135.2,5,0.0674,0.1982,0.6012,0.1332,"ER/Golgi",,,,"ER/Golgi","ER"
"CG9474","FBgn0028401","Snap24",1,49.67,1,0.401,0.252,0.206,0.14,"PM","NMALDMGSELENQNK",661.329,3,"PM","unknown"
"CG9520","FBgn0032078","CG9520",1,55.05,1,0.084,0.6,0.221,0.096,"ER/Golgi","LAVGELMPEIK",744.443,2,"ER/Golgi","unknown"
"CG9526","FBgn0031815","CG9526",1,47.67,2,0.1435,0.223,0.48,0.153,,"AAGGDGIAAAIEK",716.41,2,"ER/Golgi","unknown"
"CG9539","FBgn0026571","Sec61alpha",3,143.42,7,0.0827143,0.138571,0.588429,0.190143,"ER/Golgi",,,,"ER/Golgi","ER"
"CG9575","FBgn0031090","Rab35",3,140.03,3,0.291,0.360333,0.240667,0.108,"PM",,,,"PM","unknown"
"CG9577","FBgn0031092","CG9577",1,50.16,1,0.272,0.13,0.178,0.421,,"AIVLSASGK",567.362,2,"Phenotype 7","unknown"
"CG9603","FBgn0040529","CG9603",1,58.66,2,0.323,0.085,0.119,0.473,"mitochondrion","LFYELSVPK",692.418,2,"mitochondrion","unknown"
"CG9614","FBgn0003089","pip",2,111.25,2,0.0613333,0.166,0.56,0.212667,,,,,"ER/Golgi","unknown"
"CG9633","FBgn0010173","RpA-70",3,144.36,4,0.091,0.09625,0.162,0.651,,,,,"Phenotype 4","Nucleus"
"CG9634","FBgn0027528","CG9634",2,93.53,2,0.2915,0.2265,0.261,0.2205,,,,,"PM","unknown"
"CG9677","FBgn0025582","Int6",2,94.94,3,0.248,0.109333,0.106667,0.536,,,,,"Phenotype 3","unknown"
"CG9680","FBgn0004556","Dbp73D",1,60.8,2,0.316,0.1585,0.193,0.333,,"FLVIDEADR",611.33,2,"Phenotype 7","unknown"
"CG9704","FBgn0004108","Nrt",10,486.91,15,0.339067,0.286467,0.2504,0.124067,"PM",,,,"PM","PM"
"CG9705","FBgn0036661","CG9705",1,42.5,1,0.305,0.243,0.239,0.213,,"ALENPVVTGMVK",773.449,2,"PM","unknown"
"CG9723","FBgn0030768","CG9723",1,43.67,1,0.067,0.392,0.404,0.137,"ER/Golgi","YVNSPECK",637.327,2,"ER/Golgi","unknown"
"CG9739","FBgn0016797","fz2",1,49.97,1,0.356,0.305,0.24,0.098,"PM","SPLIFLGK",581.877,2,"PM","PM"
"CG9748","FBgn0000171","bel",4,213.72,3,0.283,0.143667,0.192333,0.381,,,,,"Phenotype 7","unknown"
"CG9750","FBgn0040075","rept",2,84.78,2,0.229,0.1415,0.2005,0.429,,,,,"unknown","unknown"
"CG9761","FBgn0027570","Nep2",2,102.61,3,0.249333,0.279,0.29,0.181333,"PM",,,,"PM","unknown"
"CG9762","FBgn0011455","l(3)neo18",1,53.21,1,0.306,0.079,0.117,0.498,"mitochondrion","LLEDEVR",509.315,2,"mitochondrion","unknown"
"CG9796","FBgn0038149","CG9796",4,191.38,5,0.325,0.2438,0.2624,0.1692,"PM",,,,"PM","unknown"
"CG9805","FBgn0037249","eIF3-S10",5,207.88,5,0.2668,0.1012,0.117,0.5148,,,,,"mitochondrion","unknown"
"CG9847","FBgn0010470","Fkbp13",2,72.35,2,0.0865,0.2055,0.5595,0.1485,"ER/Golgi",,,,"ER/Golgi","unknown"
"CG9888","FBgn0003062","Fib",2,74.75,2,0.0945,0.0965,0.135,0.674,,,,,"Phenotype 4","Nucleus"
"CG9911","FBgn0030734","CG9911",7,312.16,7,0.0931429,0.203571,0.548286,0.155,"ER/Golgi",,,,"ER/Golgi","unknown"
"CG9916","FBgn0004432","Cyp1",2,97.93,2,0.3555,0.184,0.148,0.3125,,,,,"Phenotype 2","unknown"
"CG9946","FBgn0004925","eIF-2alpha",2,84.71,2,0.343,0.1395,0.138,0.3795,,,,,"Phenotype 7","unknown"
"CG9953","FBgn0035726","CG9953",1,43.84,1,0.124,0.058,0.343,0.476,,"YFVNADFYR",669.865,2,"Phenotype 6","unknown"
"CG9983","FBgn0001215","Hrb98DE",1,56.21,1,0.052,0.061,0.095,0.792,,"QDIDSPNAGATVK",802.414,2,"unknown","unknown"
